Source,Target,Predicted
angikarinche,అంగీకరించే,అంగికరించే
antaarani,అంటారని,అంతారని
antarani,అంటారని,అంతరాని
antaavaa,అంటావా,అంతావా
antava,అంటావా,అంతవ
undar,అండర్,ఉండర్
under,అండర్,ఉండర్
antamavutondi,అంతమవుతుంది,అంతమవుతోంది
anthamavuthondi,అంతమవుతుంది,అంతమవుతోంది
ampair,అంపైర్,అంపీర్
umpair,అంపైర్,ఉంపైర్
umpire,అంపైర్,ఉంపిరే
akkineeni,అక్కినేని,అక్కినీనీ
agni,అగ్ని,అజ్ని
agnini,అగ్నిని,అజ్నిిి
agnilo,అగ్నిలో,అజ్నిలో
agniloo,అగ్నిలో,అగ్నీలో
ajeez,అజీజ్,జజీజ్
ajiz,అజీజ్,జజిజ్
aziz,అజీజ్,జాజిజ్
ajeernamu,అజీర్ణము,అజీర్ము
ajeernhamu,అజీర్ణము,అజీర్ము
ajirnamu,అజీర్ణము,అజిర్మను
aghnanapu,అజ్ఞానపు,అజ్ఞనపు
ajnanapu,అజ్ఞానపు,అజ్ఞనపు
ajnanamu,అజ్ఞానము,అజ్ఞనము
aghaani,అజ్ఞాని,ఆఘాని
atlanti,అట్లాంటి,అట్లంటి
ada,అడ,అద
aana,అణా,ఆన
ana,అణా,అన
anaa,అణా,అనా
atanoka,అతనొక,అతనకో
athanoka,అతనొక,అతనకో
atul,అతుల్,అటుల్
adi,అది,అడి
adigo,అదిగో,అడిగో
adigoo,అదిగో,అడిగో
adivinna,అదివిన్న,అడివిన్న
adupu,అదుపు,అడుపు
adhupuloo,అదుపులో,అధుపులో
adupulo,అదుపులో,అడుపులో
adupuloo,అదుపులో,అడుపులో
adharmamgaa,అధర్మంగా,అధ్రమంగా
addoah,అధో,అద్ోద్
adho,అధో,అదో
adhoh,అధో,అదోహ
anatapuram,అనంతపురం,అనటపురం
ananthapuramlo,అనంతపురంలో,అనంతపరరంలో
anaconda,అనకొండ,అనకండ
anane,అనని,అననే
anaparthy,అనపర్తి,అనపర్్తీ
anipinnchina,అనిపించిన,అనిపించినన
anivaaryamyna,అనివార్యమైన,అనివార్యమై
anivaryamaina,అనివార్యమైన,అనివర్యమైన
aniwaryamaina,అనివార్యమైన,అనివ్రయమైన
anugunamgaa,అనుగుణముగా,అనుగుణంగా
anugunamuga,అనుగుణముగా,అనుగుముగా
anugunamugaa,అనుగుణముగా,అనుగుమునగా
anugunamaina,అనుగుణమైన,అనుగుమైనన
anugunamyna,అనుగుణమైన,అనుగుమనన
anubhuutigaa,అనుభూతిగా,అనుభూసిగా
anuraga,అనురాగ,అనురగా
anuragalu,అనురాగాలు,అనురాగలు
anusaasanika,అనుశాసనిక,అనుసాానిక
anushasanika,అనుశాసనిక,అనుసాశిక
anusandhaanamy,అనుసంధానమై,అనుసంధాన్య
ane,అనె,అనే
anoo,అనో,అనూ
annadanam,అన్నదానం,అన్నదనం
annadanamu,అన్నదానము,అన్నదనము
annimtinee,అన్నింటినీ,అన్నింటినే
annintinee,అన్నింటినీ,అన్నింటినే
annintini,అన్నింటినీ,అన్నింటిని
annividhaalaa,అన్నివిధాలా,అన్నివిదాల
annividhala,అన్నివిధాలా,అన్నివిల
anyaapadesamga,అన్యాపదేశంగా,అన్యాయేశండంగా
anyapadesamga,అన్యాపదేశంగా,అన్యాదేశంగా
anveshinchaaru,అన్వేషించారు,అన్వేశించారు
anveshincharu,అన్వేషించారు,అన్వేశించారు
anveshinche,అన్వేషించే,అన్వేశించే
anveshistu,అన్వేషిస్తూ,అన్విషిస్తూ
anveshistuu,అన్వేషిస్తూ,అన్విషిస్తూ
aparna,అపర్ణ,అపర్న
abaddaala,అబద్ధాల,అబ్దాలా
abaddhaala,అబద్ధాల,అబ్దాల
abaddhala,అబద్ధాల,అబ్దదల
aabba,అబ్బా,అబ్బబ
aba,అబ్బా,అబా
abba,అబ్బా,అబ్బ
abhimanamto,అభిమానంతో,అభిమనంతో
abhimananiki,అభిమానానికి,అభినానానికి
abhimanulu,అభిమానులు,అభిమనులు
abhimanule,అభిమానులే,అభిమనులల
abhivruddhi,అభివృద్ధి,అభివ్రుది
abhivruddhiki,అభివృద్ధికి,అభివ్రుదికి
abhivruddiki,అభివృద్ధికి,అభివ్రుడికి
abhivruddhini,అభివృద్ధిని,అభివ్రుదిని
abhivruddini,అభివృద్ధిని,అభివ్రుడిని
abhvruddhini,అభివృద్ధిని,అభ్వృద్ధిని
abhivruddhilo,అభివృద్ధిలో,అభివ్రుదిలో
abhivruddiloo,అభివృద్ధిలో,అభివ్రుడిలో
abhyunnathiki,అభ్యున్నతికి,అభ్యున్నటికి
abhyunnatiki,అభ్యున్నతికి,అభ్యున్టనికి
amanusha,అమానుష,అమనుష
amayaka,అమాయక,అమయక
amaayakapu,అమాయకపు,అమాయాపు
amayakapu,అమాయకపు,అమయాకపు
amaayakudaina,అమాయకుడైన,అమయుకడైన
amayakudaina,అమాయకుడైన,అమయుకడైన
amruthamee,అమృతమే,అమృతమీ
amarican,అమెరికన్,అమరికన్
americanla,అమెరికన్ల,అమెరిక్లా
americanlu,అమెరికన్ల,అమెరికాల్
amerikanla,అమెరికన్ల,అమెరికక్ల
amme,అమ్మే,అమ్మె
ayitene,అయితేనే,అయితెన్
ayitheenee,అయితేనే,అయితీనే
ayithene,అయితేనే,అయితెనే
arachaeti,అరచేతి,అరచేటి
aracheti,అరచేతి,అరచేటి
arachaetini,అరచేతిని,అరచేటిని
arachetini,అరచేతిని,అరచేటిని
arati,అరటి,అరతి
aranhyaalathoo,అరణ్యాలతో,అర్ణాయలతో
aranyaalatho,అరణ్యాలతో,అర్ణాయలతో
aranyalato,అరణ్యాలతో,అర్ణాయలతో
arjununi,అర్జునిని,అర్జుునని
ardhamto,అర్థంతో,అర్ధంతో
ardhamtoe,అర్థంతో,అర్ధంతో
ardhamtoo,అర్థంతో,అర్ధంతో
ardhamlo,అర్థంలో,అర్ధంలో
arthamavuthundi,అర్ధమవుతుంది,అర్తమవుతుంది
alavaatayyindhi,అలవాటయ్యింది,అలవాయయింది
alavataiyindi,అలవాటయ్యింది,అలవాయింది
alavatayyindi,అలవాటయ్యింది,అలవాయట్యింది
alavataina,అలవాటైన,అలవటైన
alavatina,అలవాటైన,అలవటిన
alaantidae,అలాంటిదే,అలాంటిడే
alaantidhe,అలాంటిదే,అలాంటిడే
alantide,అలాంటిదే,అలాంటిడే
alpasankhyaaka,అల్పసంఖ్యాక,అల్ప్షయకాఖ
avagahana,అవగాహన,అవగహాన
avatharana,అవతరణ,అవతరరణ
avataralu,అవతారాలు,అవతరాలు
aavaataar,అవతార్,ఆవాటర్
avataar,అవతార్,అవటార్
avatar,అవతార్,అవటర్
avathaar,అవతార్,అవాతర్
avathar,అవతార్,అవతర్
avetar,అవతార్,అవేటర్
avanni,అవన్నీ,అవన్ని
aawaard,అవార్డ్,ఆవార్డ్
award,అవార్డ్,అవర్డ్
ashta,అష్టా,అష్ట
awesome,అసోం,అవేసోమే
ass,అస్,అస్స్
us,అస్,యూస్
astavyastam,అస్తవ్యస్తం,అస్తవయ్శ్తం
asthvyastham,అస్తవ్యస్తం,అస్త్వయ్థంం
astavyastanga,అస్తవ్యస్తంగా,అస్వాయ్స్యంంగా
astavyastangaa,అస్తవ్యస్తంగా,అస్వాస్యా్తంగా
asthavyasthanga,అస్తవ్యస్తంగా,అస్వస్థాయంంగా
astralanu,అస్త్రాలను,అస్త్రలను
asthralu,అస్త్రాలు,అస్త్రలు
astralu,అస్త్రాలు,అస్త్రలు
aham,అహం,అహ్మ
ahalyaku,అహల్యకు,అహ్యలకు
ahalya,అహల్యా,అహ్లయ
ahalyaa,అహల్యా,అహ్లయయ
ahobilam,అహోబిలం,అహోబలిం
ahoobilam,అహోబిలం,అహోబలిం
aantoniyo,ఆంటోనియో,ఆంటనియో
antonio,ఆంటోనియో,అంటోనియో
antoniyo,ఆంటోనియో,అంటోనియో
aanthoni,ఆంథోనీ,ఆంతోని
aanthoonee,ఆంథోనీ,అంతోనే
anthony,ఆంథోనీ,అంతోన్
antony,ఆంథోనీ,అంటోనీ
aamdhra,ఆంధ్ర,ఆంద్ర
aandhra,ఆంధ్ర,ఆంద్ర
aandhramu,ఆంధ్రము,ఆంద్రము
aandramu,ఆంధ్రము,ఆంద్రము
andhramu,ఆంధ్రము,అంద్రము
aandhraastram,ఆంధ్రరాష్ట్రం,ఆంధ్రాస్త్రం
aandhraraashtram,ఆంధ్రరాష్ట్రం,ఆంధర్రాశ్త్రం
aandraraashtram,ఆంధ్రరాష్ట్రం,ఆంధ్రారాష్టరం
aandhralo,ఆంధ్రలో,ఆంద్రలో
aandhraloo,ఆంధ్రలో,ఆంద్రలో
akara,ఆకార,అకర
aakaralu,ఆకారాలు,ఆకరాలు
akrutulalo,ఆకృతులలో,అకృతులలో
akrutulu,ఆకృతులు,అకృతులు
actiiviity,ఆక్టివిటీ,అస్టివీటీ
activity,ఆక్టివిటీ,అక్తిిటీ
aktiviti,ఆక్టివిటీ,అక్తివిటి
aktivity,ఆక్టివిటీ,అక్తివిటీ
aqtiviti,ఆక్టివిటీ,అక్తివిటి
aqtivity,ఆక్టివిటీ,అక్తివిటీ
aagakumdaa,ఆగకుండా,ఆగుకండా
agakunda,ఆగకుండా,అగకుండా
aachamta,ఆచంట,ఆచంం
achanta,ఆచంట,అచ్ంట
aazaad,ఆజాద్,ఆజాడ్
azad,ఆజాద్,అజాడ్
aagnaapinchina,ఆజ్ఞాపించిన,ఆగ్పనించిన
aajnaapinchina,ఆజ్ఞాపించిన,ఆజ్నపించిన
agnyapinchina,ఆజ్ఞాపించిన,అగ్యనించించి
aadina,ఆడిన,ఆదిన
adina,ఆడిన,అదిన
athma,ఆత్మ,అత్మ
atman,ఆత్మ,అత్మాన్
etman,ఆత్మ,ఎత్మన్
athmaku,ఆత్మకు,అత్మకు
atmaga,ఆత్మగా,అత్మగా
athmatho,ఆత్మతో,అత్మతో
athmanu,ఆత్మను,అత్మను
aathmala,ఆత్మల,ఆత్మాల
atmala,ఆత్మల,అత్మాల
aathmalaku,ఆత్మలకు,ఆత్మాలకు
atmalaku,ఆత్మలకు,అత్మాలకు
atmalo,ఆత్మలో,అత్మలో
adesinchadam,ఆదేశించడం,అదేశించడం
aadhmee,ఆద్మీ,ఆధ్మీ
aadharamtoe,ఆధారంతో,ఆధరంతో
adharala,ఆధారాల,అధరాల
adharalatho,ఆధారాలతో,అధరాలతో
adharalato,ఆధారాలతో,అధరాలతో
adharalanu,ఆధారాలను,అధరాలను
anandamaya,ఆనందమయ,అనందమయ
operative,ఆపరేటివ్,ఆపరేటేవ్
api,ఆపి,అపి
apina,ఆపిన,అపిన
aabagaa,ఆబగా,అబగా
abaga,ఆబగా,అబగా
amodinche,ఆమోదించే,అమోదించే
aalmajani,ఆమ్లజని,ఆల్మాజని
aamlajani,ఆమ్లజని,ఆమ్లాని
ayina,ఆయిన,అయిన
ayurveda,ఆయుర్వేద,అయుర్వేద
ayurvedam,ఆయుర్వేదం,అయుర్వేం
ayusshu,ఆయుష్షు,అయుష్షు
aarka,ఆర్కా,ఆర్క
arcaa,ఆర్కా,అర్కా
aarganaijaeshan,ఆర్గనైజేషన్,ఆర్గ్యానేషన్
aarganyjeshan,ఆర్గనైజేషన్,ఆర్గ్యేనేష్
organisation,ఆర్గనైజేషన్,ఆర్గనిషేషన్
organisetion,ఆర్గనైజేషన్,ఆర్గనిషేషన్్
organization,ఆర్గనైజేషన్,ఆర్గనియాషన్
argan,ఆర్గాన్,ఆర్గన్
aardharaitis,ఆర్థరైటిస్,ఆర్ధరరైసిస్
aartharaitis,ఆర్థరైటిస్,ఆర్రథారిస్
arthritis,ఆర్థరైటిస్,అర్రిటిస్
aardra,ఆర్ద్ర,ఆర్దరర
ardra,ఆర్ద్ర,అర్దరర
aalayyalu,ఆలయాలు,ఆలయ్యాలు
alayalu,ఆలయాలు,అలయాలు
alasyam,ఆలస్యం,అలస్యం
alasyamga,ఆలస్యంగా,అలస్యంగా
alasyamu,ఆలస్యము,అలస్యము
aavagimjamta,ఆవగింజంత,ఆవగింంంత
aavaginjamta,ఆవగింజంత,ఆవగిజంంత
aavaginjantha,ఆవగింజంత,ఆవజగింంత
aasaya,ఆశయ,ఆసయ
asramamlo,ఆశ్రమంలో,అశ్రమంలో
aasramaalla,ఆశ్రమాల్లో,ఆశ్రమా్లల
aastreliyaa,ఆస్ట్రేలియా,ఆస్ట్రీలియా
aaustrelia,ఆస్ట్రేలియా,ఆస్ట్రీలియా
australia,ఆస్ట్రేలియా,ఆస్ట్రియాల
australiaa,ఆస్ట్రేలియా,ఆస్ట్రియాల
austrelia,ఆస్ట్రేలియా,ఆస్ట్రీలియా
aastreeliyaapai,ఆస్ట్రేలియాపై,ఆస్త్రీయిలాయి
aastreliyaapai,ఆస్ట్రేలియాపై,ఆస్త్రీయలయాయి
australiapai,ఆస్ట్రేలియాపై,ఆస్ట్ర్ఫాలై
austreliapai,ఆస్ట్రేలియాపై,ఆస్ట్రీపాలయి
aastreeliyaaloo,ఆస్ట్రేలియాలో,ఆస్త్రీయిలాలో
aastreliyaaloo,ఆస్ట్రేలియాలో,ఆస్త్రీయిలాలో
australialo,ఆస్ట్రేలియాలో,ఆస్ట్రాయిలలో
austrelialoo,ఆస్ట్రేలియాలో,ఆస్ట్రీరిలలో
aastraeliyaaloeni,ఆస్ట్రేలియాలోని,ఆస్త్రేయలలలోని
aastreeliyaalooni,ఆస్ట్రేలియాలోని,ఆస్త్రీయాలలోని
aastreliyaalooni,ఆస్ట్రేలియాలోని,ఆస్త్రీయలలలోని
australialoni,ఆస్ట్రేలియాలోని,ఆస్ట్రాలాలోని
austrelialoni,ఆస్ట్రేలియాలోని,ఆస్ట్రీలాలిని
asthma,ఆస్తమా,అస్త్మ
aahaaramlooni,ఆహారంలోని,ఆహారాలోని
aharamulo,ఆహారములో,అహారములో
inc,ఇంక్,ఇన్స్
inq,ఇంక్,ఇన్క్
intlo,ఇంట్లొ,ఇంట్లో
indoor,ఇండోర్,ఇండూర్
indor,ఇండోర్,ఇండర్
indur,ఇండోర్,ఇండూర్
inta,ఇంత,ఇంట
imtaku,ఇంతకు,ఇంటకు
intaku,ఇంతకు,ఇంటకు
intalo,ఇంతలో,ఇంటలో
into,ఇంతో,ఇంటో
imdali,ఇందలి,ఇండలి
indali,ఇందలి,ఇండలి
icchaapuram,ఇచ్ఛాపురం,ఇచ్చాపురం
icchapuram,ఇచ్ఛాపురం,ఇచ్చపురం
ichchaapuram,ఇచ్ఛాపురం,ఇచ్చాపురం
etara,ఇతర,ఎతర
etivruttam,ఇతివృత్తం,ఎతీవృత్తం
ithivrutham,ఇతివృత్తం,ఇతివ్రుం
etivrutramgaa,ఇతివృత్తంగా,ఎతివ్ర్్రంగా
ithivruthamga,ఇతివృత్తంగా,ఇతివ్రుంగా
etivruttaanni,ఇతివృత్తాన్ని,ఎతివృత్తాన్ని
ithivrutthaalu,ఇతివృత్తాలు,ఇతివ్రుత్లాు
itivruttaalu,ఇతివృత్తాలు,ఇతివృత్తలు
ittadi,ఇత్తడి,ఇత్టడి
itthadi,ఇత్తడి,ఇత్తది
iddarilonu,ఇద్దరిలోనూ,ఇద్దరిలోను
iddariloonoo,ఇద్దరిలోనూ,ఇద్దరిలోన
iner,ఇన్నర్,ఇన్ర్
evv,ఇవివి,ఎవ్వ్
ivvadhu,ఇవ్వడు,ఇవ్వదు
ivvadu,ఇవ్వదు,ఇవ్వడు
eekviti,ఈక్విటీ,ఎక్వితి
eekvitii,ఈక్విటీ,ఎక్వీటీ
ekuity,ఈక్విటీ,ఎక్యిటీ
equiti,ఈక్విటీ,ఎక్వీటి
equity,ఈక్విటీ,ఎక్విటీ
iquity,ఈక్విటీ,ఇక్వీటీ
ethadu,ఈతడు,ఎతడు
eenela,ఈనెల,ఈనేల
inela,ఈనెల,ఇనెల
eerendu,ఈరెండు,ఎరరండు
erendu,ఈరెండు,ఎరెండు
eevv,ఈవ్,ఈవ్వ్
eve,ఈవ్,ఎవే
ivi,ఈవ్,ఇవీ
undadi,ఉండండి,ఉండది
undandi,ఉండండి,ఉండంది
vumdamdi,ఉండండి,వుండంది
undagaladhu,ఉండగలదు,ఉండగాలు
undagaladu,ఉండగలదు,ఉండగాలు
umdutachae,ఉండుటచే,ఉండుతేే
undutachae,ఉండుటచే,ఉండుతేే
undutache,ఉండుటచే,ఉండుతేే
undannadi,ఉందన్నది,ఉండనన్ది
undhannadi,ఉందన్నది,ఉందనననది
undhoo,ఉందో,ఉందూ
undo,ఉందో,ఉండో
uchitamiena,ఉచితమైన,ఉచితమైనై
ucchaarana,ఉచ్ఛారణ,ఉచ్చరాన
uchchaaranha,ఉచ్ఛారణ,ఉచ్చరణ
uchhaarana,ఉచ్ఛారణ,ఉచ్చారన
udikinchaali,ఉడికించాలి,ఉదికించాలి
udikinchali,ఉడికించాలి,ఉదికించాలి
udikinchi,ఉడికించి,ఉదికించి
udikinchina,ఉడికించిన,ఉదికించిన
uthamulu,ఉత్తములు,ఉత్ములు
uttaraayanamu,ఉత్తరాయణము,ఉత్తరాయాము
uttarayanamu,ఉత్తరాయణము,ఉత్తరయాము
uttharayanam,ఉత్తరాయణము,ఉత్తరయాయం
udayapu,ఉదయపు,ఉదయపపు
vudayapu,ఉదయపు,ఉదయపపు
udara,ఉదార,ఉదర
unnantavaraku,ఉన్నంతవరకూ,ఉన్నంతవరకు
unnanthavaraku,ఉన్నంతవరకూ,ఉన్నంతవరకు
unnaadani,ఉన్నాడని,ఉన్నాదని
unnadani,ఉన్నాడని,ఉన్నదని
unnaaramtae,ఉన్నారంటే,ఉన్నారంతే
unnaarantae,ఉన్నారంటే,ఉన్నారంతే
unnaranta,ఉన్నారంటే,ఉన్నరరంత
upakhandam,ఉపఖండం,ఉపకండం
uparithal,ఉపరితల,ఉపరితల్
uparitalaaniki,ఉపరితలానికి,పూరితాలనికి
uparithalaaniki,ఉపరితలానికి,పూరితాలనికి
urdoolo,ఉర్దూలో,ఉర్డోలో
urdulo,ఉర్దూలో,ఉర్డులో
urduloo,ఉర్దూలో,ఉర్దులో
usirikaaya,ఉసిరికాయ,ఊసికరియా
usirikaya,ఉసిరికాయ,ఊసిరికా
ooregi,ఊరేగి,ఊరగి
vuregi,ఊరేగి,వరేగి
oollo,ఊళ్లో,ఓళ్లో
oolloni,ఊళ్లోని,ఆల్లోని
oollooni,ఊళ్లోని,ఆల్లోని
uhaatmaka,ఊహాత్మక,హహాత్మక
vuhistaaru,ఊహిస్తారు,వుహిస్తారు
rushini,ఋషిని,ఋషిణి
emem,ఎంఎం,ఎమెమ్
mm,ఎంఎం,మ్మ్
enchukuna,ఎంచుకున్న,ఎంచుకున
enchukunnnaadu,ఎంచుకున్నాడు,ఎంచుకున్ననాడు
enda,ఎండ,ఎంద
yenda,ఎండ,ఏంద
yentavaraku,ఎంతవరకూ,ఎంతవరకు
mv,ఎంవీ,మవి్
egaradaaniki,ఎగరడానికి,ఎగరాడానికి
egaradaniki,ఎగరడానికి,ఎగరాడనికి
edagadaaniki,ఎదగడానికి,ఎడడగానికి
edigaadu,ఎదిగాడు,ఎడిగాడు
edigaaru,ఎదిగారు,ఎడిగారు
edigindi,ఎదిగింది,ఎడిగింది
ennadu,ఎన్నడు,ఎన్నాడు
ennadoo,ఎన్నడూ,ఎన్నడో
ennadu,ఎన్నడూ,ఎన్నాడు
alugu,ఎలుగు,అలుగు
yelugu,ఎలుగు,ఏలుగు
evadaite,ఎవడైతే,ఎవడైటే
evadiete,ఎవడైతే,ఎవడైటే
yevadaithe,ఎవడైతే,ఏవడైతే
ekeekarana,ఏకీకరణ,ఎకకరరణ
yekekarana,ఏకీకరణ,ఏకకరణ
yekikarana,ఏకీకరణ,ఎకీకరణ
agency,ఏజన్సీ,అజెన్సీ
ejansi,ఏజన్సీ,ఎజన్సి
aenaatikee,ఏనాటికీ,అననటికే
enatiki,ఏనాటికీ,ఎనటికి
yenatikii,ఏనాటికీ,ఎనటికీ
aenaaduu,ఏనాడూ,అనేడాు
enadu,ఏనాడూ,ఎనడు
yenadu,ఏనాడూ,ఏనదు
aenugunu,ఏనుగును,ఎనుగును
enugunu,ఏనుగును,ఎనుగును
aenugulu,ఏనుగులు,ఎనుగులు
enugulu,ఏనుగులు,ఎనుగులు
yepani,ఏపని,ఏపైని
amantee,ఏమంటే,అమంటే
emante,ఏమంటే,ఎమంటే
yemante,ఏమంటే,ఏమెంటే
amanagaa,ఏమనగా,అమనగా
emanagaa,ఏమనగా,ఎమనగా
ematram,ఏమాత్రం,ఎమత్రం
yemathram,ఏమాత్రం,ఏమత్రం
arealalo,ఏరియాలలో,అరీలాలో
arealaloo,ఏరియాలలో,అరేలాలో
aares,ఏరియాస్,ఆరెస్
areas,ఏరియాస్,అరేస్
ares,ఏరియాస్,అరెస్
areys,ఏరియాస్,అరెస్
eerparichaaru,ఏర్పరిచారు,ఎర్పరిచారు
elina,ఏలిన,ఎలిన
ella,ఏళ్ల,ఎల్ల
yella,ఏళ్ల,ఏళ్ళ
ellaku,ఏళ్లకు,ఎల్లకు
yellaku,ఏళ్లకు,ఏళ్ళకు
ellalo,ఏళ్లలో,ఎళ్ళలో
yellalo,ఏళ్లలో,ఏళ్ళలో
ellu,ఏళ్లు,ఎళ్ళు
yellu,ఏళ్లు,ఏళ్ళు
elluga,ఏళ్లుగా,ఎల్లుగా
ellugaa,ఏళ్లుగా,ఎల్లుగా
yelluga,ఏళ్లుగా,ఏల్లుగా
aichhika,ఐచ్ఛిక,అచిచ్క
icchika,ఐచ్ఛిక,ఇచ్చిక
ichchika,ఐచ్ఛిక,ఇచ్చిక
ainappataki,ఐనప్పటికీ,అయినప్పటిక
ainappatiki,ఐనప్పటికీ,అయినప్పటికి
inappatikee,ఐనప్పటికీ,ఇన్పపటికీ
okaanoka,ఒకానొక,ఒకానకో
okanoka,ఒకానొక,ఒకొనక
odalu,ఒడలు,ఓడలు
opo,ఒప్పో,ఓపో
oravadi,ఒరవడి,ఒరవాడి
oraacle,ఒరాకిల్,ఆరాక్ల్
oraakil,ఒరాకిల్,ఆరాకిల్
oracle,ఒరాకిల్,ఆరక్ల్
orakle,ఒరాకిల్,ఒరక్ల్
ollhu,ఒళ్లు,ఆళ్ళు
ollu,ఒళ్లు,ఆల్ళు
omkaaramu,ఓంకారము,ఒకంారము
oomkaaramu,ఓంకారము,ఒకంారము
otarla,ఓటర్ల,ఒతర్ల
odela,ఓదెల,ఓడేల
oodela,ఓదెల,ఓడెల
oopikaagaa,ఓపికగా,ఒకపిగా
opikaga,ఓపికగా,ఒపికగా
opikagaa,ఓపికగా,ఒపికాగా
ohrugallunu,ఓరుగల్లును,ఊహర్లులును
oorugallunu,ఓరుగల్లును,ఊరుగుల్ను
orugallunu,ఓరుగల్లును,ఆరుగ్లును
au,ఔ,అయూ
ou,ఔ,ఓూ
ow,ఔ,ఓవ
aunu,ఔను,అను
ounu,ఔను,ఓను
conductor,కండక్టర్,కాండ్కూటర్
conduuctor,కండక్టర్,కాండ్కూటర్
kanductor,కండక్టర్,కాండ్కూటర్
konduktor,కండక్టర్,కొండక్కూర్
conductorlu,కండక్టర్లు,కాండ్క్టర్లు
kamdaktarlu,కండక్టర్లు,కండక్్రారు
kamdaraala,కండరాల,కందరాల
kandaraala,కండరాల,కందరాల
kamdaraalaku,కండరాలకు,కందరాలకు
kandaraalaku,కండరాలకు,కందరాలకు
compose,కంపోజ్,కంపోసీ
kampose,కంపోజ్,కంపోసే
kompose,కంపోజ్,కొంపోస్
kachchaerii,కచ్చేరీ,కచ్చేరి
kacheerii,కచ్చేరీ,కచేరీ
kachheri,కచ్చేరీ,కచ్చేరి
cousin,కజిన్,కౌసిన్
couzin,కజిన్,కౌజిన్
kajin,కజిన్,కాజిన్
kattalu,కట్టలు,కట్టాలు
kattaru,కట్టారు,కట్టరు
kathina,కఠిన,కథిన
kadimi,కడిమి,కాడిమి
kadupu,కడుపు,కాడుపు
kadupuna,కడుపున,కాుపున
kadupuni,కడుపుని,కాుపుని
kadupuloeki,కడుపులోకి,కదుపులోకి
kadupulooki,కడుపులోకి,కదుపులోకి
kadupuloeni,కడుపులోని,కదుపులోని
kadupulooni,కడుపులోని,కదుపులోని
kanaalugaa,కణాలుగా,కనాలుగా
kanithi,కణితి,కనితి
kaniti,కణితి,కనిటి
kadapadam,కదపడం,కడపడం
kadhapadam,కదపడం,కథడపం
kadilindi,కదిలించి,కదిలింది
kadhalanu,కధలను,కథలను
kathalanu,కధలను,కథలను
kadhalugaa,కధలుగా,కథలుగా
kathalugaa,కధలుగా,కథలుగా
kani,కని,కాని
kanya,కన్యా,కాన్యా
convention,కన్వెన్షన్,కాన్వెెటన్
kanvenshan,కన్వెన్షన్,కన్వేషన్్
konvention,కన్వెన్షన్,కన్వెంటేషన్
kamaneeyamga,కమనీయంగా,కానీమీంగా
kamaneeyangaa,కమనీయంగా,కమనేయంగా
kaaraachi,కరాచీ,కారచి
karaachee,కరాచీ,కారచే
karachi,కరాచీ,కరచి
karakhi,కరాచీ,కారఖి
qarachi,కరాచీ,కరచి
kalagalasina,కలగలసిన,కలలగసిన
kaladee,కలదీ,కలడే
kaladi,కలదీ,కలాది
kaladii,కలదీ,కలలడీ
kalabanda,కలబంద,కలబంబడా
kalabandha,కలబంద,కలబంధ
kalabandanu,కలబందను,కలబండనను
kalabandhanu,కలబందను,కలబంబనను
cholera,కలరా,చోలర
kalraa,కలరా,కల్రా
kalalannee,కలలన్నీ,కళలాన్నీ
kalalanni,కలలన్నీ,కళలాన్ని
kaligina,కలిగినా,కలిగిన
kaliyuga,కలియుగ,కలియుగా
kalugadhu,కలుగదు,కలుగుదు
kalugadu,కలుగదు,కలుగుడు
collectaru,కలెక్టరు,కలకెట్రారు
collectoru,కలెక్టరు,కాలెక్టరరు
kalektaru,కలెక్టరు,కలెక్టారు
kalyaanam,కల్యాణం,కళ్యానం
kalyaani,కల్యాణి,కళ్యాని
kavayitri,కవయిత్రి,కాయవటర్రి
kayithri,కవయిత్రి,కయిత్రి
kavayithriga,కవయిత్రిగా,కాయవీత్రిగా
kavayitriga,కవయిత్రిగా,కావయత్రిగా
kavayitrigaa,కవయిత్రిగా,కాయవీత్రిగా
covar,కవర్,కోవర్
cover,కవర్,కోవర్
kover,కవర్,కోవర్
kavithalanu,కవితలను,కవితాలను
kashtamy,కష్టమై,కష్ట్యం
customers,కస్టమ్స్,క్యూస్టరర్స్
customs,కస్టమ్స్,క్సుటోస్
cuustoms,కస్టమ్స్,క్యూస్ట్స్
kastams,కస్టమ్స్,కాస్టమ్స్
kaakatiyula,కాకతీయుల,కాకత్యుల
kakateeyula,కాకతీయుల,కాకటేయుల
kakatiyula,కాకతీయుల,కాకటీయుల
kanivi,కానివి,కనివి
kaabul,కాబూల్,కాబుల్
kabool,కాబూల్,కబోల్
kabul,కాబూల్,కబ్లు్
komik,కామిక్,కోమిక్
comradelu,కామ్రేడ్లు,కాండరెలు
kaamredlu,కామ్రేడ్లు,కామెర్డులు
kamredlu,కామ్రేడ్లు,కామెర్డులు
kayadam,కాయడం,కయడం
kayadaniki,కాయడానికి,కయయడానికి
kaanam,కారణం,కానం
caarbon,కార్బన్,కార్బోన్
carbon,కార్బన్,కారబన్న్
corbon,కార్బన్,కార్బోన్
karbon,కార్బన్,కార్బోన్
karyalayamloonae,కార్యాలయంలోనే,కార్యలయలలోనే
kaalakramena,కాలక్రమేణ,కాలక్రమమైన
kalakramena,కాలక్రమేణ,కలక్్రమమన
kaalavyavadhi,కాలవ్యవధి,కాలవవవ్యిి
kaalavyavadhilo,కాలవ్యవధిలో,కాలవవ్యవిలో
caalendar,కాలెండర్,కాలెండరర్
calendar,కాలెండర్,కెలెండర్
cal,కాల్,క్యాల్
call,కాల్,క్ల్
kaalpanika,కాల్పనిక,కాల్పానిక
kaalidaasu,కాళిదాసు,కాలిదాసు
kaalidasu,కాళిదాసు,కాలిదాసు
kaalidhaasu,కాళిదాసు,కాలిదాసు
kaali,కాళీ,కాలి
kali,కాళీ,కాలి
qali,కాళీ,కలి
kaavatamtho,కావటంతో,కావతంతో
kaavatamto,కావటంతో,కావతంతో
kaavatamtoo,కావటంతో,కావతంతో
kaavalsina,కావలిసిన,కావలస్ిన
kaasiki,కాశీకి,కాసికి
kashiki,కాశీకి,కాషికి
kaasilo,కాశీలో,కాసిలో
kaasiloe,కాశీలో,కాశిలో
kaasiloo,కాశీలో,కాశిలో
costume,కాస్ట్యూమ్,కోస్టూమే
costuume,కాస్ట్యూమ్,కోస్టూమే
kichan,కిచన్,కిచాన్
kitchen,కిచన్,కిట్చన్
kishtmaina,కిష్టమైన,కిష్్మైన
kissan,కిసాన్,కిస్సన్
kish,కిస్,కిష్
kiss,కిస్,కిస్స్
qiss,కిస్,కిస్స్
keiith,కీత్,కీయి్
keith,కీత్,కీయిత్
qeith,కీత్,కీట్
keeboordu,కీబోర్డు,కీర్బడ్డు
keyboardu,కీబోర్డు,కెయబర్డడు
keerti,కీర్తి,కీర్టి
kirthi,కీర్తి,కిర్తి
kirti,కీర్తి,కిర్తీ
kunthee,కుంతీ,కుంతే
kunthii,కుంతీ,కుంటీ
kunti,కుంతీ,కుంటి
cookie,కుకీ,కూకీ
cukie,కుకీ,క్యూీ
cukiie,కుకీ,క్యూీ
cuqie,కుకీ,క్వీ
kuki,కుకీ,కుకి
kutraloo,కుట్రలో,కుత్రలో
kootiki,కూటికి,కోటికి
koothurlu,కూతుర్లు,కోత్రులు
kuuthurlu,కూతుర్లు,కూత్రులు
kooragayalatho,కూరగాయలతో,కోరయగాలతో
kuuragaayalatho,కూరగాయలతో,కురయగాలతో
kuuragayalathoo,కూరగాయలతో,కూరగయాలతో
kooragayalanu,కూరగాయలను,కోరగయాలను
kuuragaayalanu,కూరగాయలను,కూరగాయాలను
kuuragayalanu,కూరగాయలను,కూరగయాలను
kooragayalu,కూరగాయలు,కోరగయాలు
kuuragaayalu,కూరగాయలు,కూరగాయాలు
kuuragayalu,కూరగాయలు,కూరగయాలు
koolindhi,కూలింది,కోలింది
kru,కృ,క్రు
krishnaarjunulu,కృష్ణార్జునులు,కృష్ణర్జుులు
krishnarjunulu,కృష్ణార్జునులు,కృష్ణర్జుులు
krushnaarjunulu,కృష్ణార్జునులు,కృష్ణరజ్ఞులు
krushnarjunulu,కృష్ణార్జునులు,కృష్ణజర్ఞులు
kechap,కెచప్,కేచ్ప్
ketchap,కెచప్,కెత్చాప్
ketchup,కెచప్,కెత్చూప్
ketkhup,కెచప్,కెత్కప్
qetchup,కెచప్,కెట్చప్
kenyalo,కెన్యాలో,కెన్యలో
kemerala,కెమెరాల,కెమీరాల
k,కే,క్
kai,కే,కై
kay,కే,కే్
qay,కే,కే్
kendra,కేంద్ర,కెంద్ర
konnitiki,కొన్నిటికి,కొన్నటికి
komma,కొమ్మ,కొమ్
kommalatho,కొమ్మలతో,కొమ్లతో
kommalato,కొమ్మలతో,కొమ్లతో
kommalatoo,కొమ్మలతో,కొమ్లతో
koirala,కొయిరాలా,కోరిలా
koyerala,కొయిరాలా,కోరయల
koyiraalaa,కొయిరాలా,కోయిరాల
koradaatho,కొరడాతో,కోరాడతో
koradaato,కొరడాతో,కోరడాతో
kolamaanam,కొలమానం,కొలమనం
kolamanam,కొలమానం,కొలమనం
cholesterol,కొలెస్టరాల్,చాలస్టరరల్ల్
cholestrol,కొలెస్టరాల్,చాలస్ట్రల్
colestaral,కొలెస్టరాల్,కాలస్టరాల్
kolestaraal,కొలెస్టరాల్,కోలస్టరాల్
kollayi,కొల్లాయి,కొల్యాి
koganti,కోగంటి,కొగాంటి
kooganti,కోగంటి,కోగాంటి
kotipalli,కోటిపల్లి,కోటపీల్లి
kodaligaa,కోడలిగా,కొదలిగా
koodaligaa,కోడలిగా,కూడలిగా
korika,కోరిక,కొరిక
korikaga,కోరికగా,కొరికగా
korikagaa,కోరికగా,కొరికగా
korikanu,కోరికను,కొరికను
kosuri,కోసూరి,కోసురి
caampus,క్యాంపస్,కాంపూస్
campus,క్యాంపస్,కంప్సూ్
campuus,క్యాంపస్,క్యూపూస్
kampus,క్యాంపస్,కంప్స్
kyaampas,క్యాంపస్,క్యాంపాస్
kyamps,క్యాంపస్,క్యాంంస్
kramamuga,క్రమముగా,క్రమమమగా
kramamugaa,క్రమముగా,క్రమమమగా
criyalaku,క్రియలకు,క్రియాలకు
kriyalaku,క్రియలకు,క్రియాలకు
cler,క్లియర్,క్లర్
klear,క్లియర్,క్లేర్
cloud,క్లౌడ్,క్లూడ్
clouud,క్లౌడ్,క్లూడ్
could,క్లౌడ్,కౌల్డ్
kloud,క్లౌడ్,క్లూడ్
ksheenata,క్షీణత,క్షేణత
ksheenatha,క్షీణత,క్షేణత
kshinatha,క్షీణత,క్షిణత
ksheenataku,క్షీణతకు,క్షేణటకు
kshinathaku,క్షీణతకు,క్షణితకు
ksheenataku,క్షీణతను,క్షేణటకు
ksheenatanu,క్షీణతను,క్షేణతను
ksheenathanu,క్షీణతను,క్షేణతను
kshinathanu,క్షీణతను,క్షిణతను
kshethraminaku,క్షేత్రమునకు,క్షేత్రమమనకు
kshetramunaku,క్షేత్రమునకు,క్షేతరమునకు
ksheitraanni,క్షేత్రాన్ని,క్షేష్రాన్ని
ksheytraanni,క్షేత్రాన్ని,క్షేయత్రాన్ని
khandince,ఖండించే,ఖండించ్స్
khaidee,ఖైదీ,ఖైడీ
khaidii,ఖైదీ,ఖైడీ
khaidiga,ఖైదీగా,ఖైడిగా
khaidigaa,ఖైదీగా,ఖైడిగా
ganguli,గంగూలీ,గంగులి
ganguly,గంగూలీ,గంగులీ
ganguulee,గంగూలీ,గంగులే
gandi,గండి,గాండి
gagan,గగన్,గగాన్
gaja,గజ,గజా
gajaraaju,గజరాజు,జజరాజు
gajaraju,గజరాజు,జజరాజు
gajaendhra,గజేంద్ర,జజేంద్ర
gajeendra,గజేంద్ర,జజీంద్ర
gajendhra,గజేంద్ర,జాజెంద్ర
gajendra,గజేంద్ర,జాజెండ్ర
gabbhilam,గబ్బిలం,గబ్భిలం
galadu,గలడు,గలాడు
galada,గలదా,గలాడ
galadaa,గలదా,గలడా
galadu,గలదు,గలాడు
gandhi,గాంధి,గంధి
gayani,గాయనీ,గయాని
gaaradee,గారడీ,గారదీ
gharadi,గారడీ,ఘరాది
gavinchi,గావించి,గవించి
guma,గుమ్మా,గుమా
gumma,గుమ్మా,గుమ్మ
guumma,గుమ్మా,గుమ్మ
gooni,గూని,గోని
garald,గెరాల్డ్,గర్లడ్
gerald,గెరాల్డ్,గెర్లడ్
gatu,గేటు,గతు
gottam,గొట్టం,గొత్టం
gottamu,గొట్టము,గొత్తము
gottaanni,గొట్టాన్ని,గొత్టాన్ని
godla,గొడ్ల,గోడ్ల
godlla,గొడ్ల,గోడ్ల్
gorre,గొర్రె,గొర్రర్
gorrey,గొర్రె,గొర్రీ
gorreyla,గొర్రెల,గొర్రేయల
gorreylu,గొర్రెలు,గొర్రేయు
golla,గొల్ల,గోళ్ళ
gollapalli,గొల్లపల్లి,గొల్లల్లి
gollapoodi,గొల్లపూడి,గొల్లపోది
gollapudi,గొల్లపూడి,గొల్లపుడి
gollalu,గొల్లలు,గొల్ళు
goodala,గోడల,గూడల
godhumalanu,గోధుమలను,గొడుమలను
gooddhimalanu,గోధుమలను,గోద్ధిమలను
godhumalu,గోధుమలు,గొడుమలు
gooddhumalu,గోధుమలు,గోడ్ధుములు
gosangi,గోసంగి,గొంసంగి
goutamudu,గౌతముడు,గౌతుము
gowtamudu,గౌతముడు,గౌతుముు
gautam,గౌతమ్,గౌతం
gautham,గౌతమ్,గౌతం
goutam,గౌతమ్,గౌతం
goutham,గౌతమ్,గౌతం
gowtam,గౌతమ్,గౌతం
gramddhaalayam,గ్రంథాలయం,గ్రంధాలయం
granthaalayam,గ్రంథాలయం,గ్రంథాయలం
gramddhaalayaalanu,గ్రంథాలయాలను,గ్రంధాయలాలను
grandhaalayaalanu,గ్రంథాలయాలను,గ్రంథాయలలను
granthaalayyalanu,గ్రంథాలయాలను,గ్రంథాయయలలలను
granthalayalanu,గ్రంథాలయాలను,గ్రంథాయలలలను
grahastula,గ్రస్తుల,గ్రహస్థుల
grasthula,గ్రస్తుల,గ్రస్థుల
grastula,గ్రస్తుల,గ్రస్థుల
grishma,గ్రీష్మ,గ్రిష్మ
gurdlanu,గ్రుడ్లను,గుర్్డలను
greeg,గ్రెగ్,గ్రేజ్
greg,గ్రెగ్,గ్రేజ్
glain,గ్లెన్,గ్లైన్
guaaraani,గ్వారని,గుాాాని
guarani,గ్వారని,గురాని
guuarani,గ్వారని,గౌరాని
ghatootkachudu,ఘటోత్కచుడు,గొటటకుక్చడు
ghatotkachudu,ఘటోత్కచుడు,ఘటోట్కొచ్డు
ganibavinchi,ఘనీభవించి,గనిభించి
ghanibhavinchi,ఘనీభవించి,గణిభించి
ghaniibhavinchi,ఘనీభవించి,ఘనిభించి
ganibavinchina,ఘనీభవించిన,గానివించిన
ghanibhavinnchina,ఘనీభవించిన,ఘనిభించిన్ని
ghaniibhavinchina,ఘనీభవించిన,ఘనిభించిని
ghoramga,ఘోరంగా,ఘొరంగా
ghoramgaa,ఘోరంగా,ఘొరంగా
ghorangaa,ఘోరంగా,ఘొరంగా
goramga,ఘోరంగా,గొరంగా
ghosh,ఘోష్,గోష్
gosh,ఘోష్,గోష్
chattabaddamga,చట్టబద్దంగా,చట్టబడ్డంగా
chattabaddanga,చట్టబద్దంగా,చట్టబడ్డంగా
chattabaddangaa,చట్టబద్దంగా,చట్టబడ్డంగా
chattabadhamgaa,చట్టబద్దంగా,చట్టబడంగా
chattabaddamaina,చట్టబద్దమైన,చట్టబడ్్యమైన
chattabaddamyna,చట్టబద్దమైన,చట్టబడ్్యమన
chattabaddhamaina,చట్టబద్దమైన,చట్టబడ్ధమైన
chattabadda,చట్టబద్ధ,చట్టబడ్డ
chattabaddha,చట్టబద్ధ,చట్టబడ్ద
chattabaddam,చట్టబద్ధం,చట్టబడ్డం
chattabaddham,చట్టబద్ధం,చట్టబడ్దం
chathurdha,చతుర్ధ,చతుర్థ
chaturdha,చతుర్ధ,చతుర్థ
chaturtha,చతుర్ధ,చతుర్త
chaduvutunaaru,చదువుతున్నారు,చదువుతునారు
chaduvuthoo,చదువుతూ,చదువుతో
chaduvuthu,చదువుతూ,చదువుతు
caracara,చరాచర,చరరర
charaachara,చరాచర,చరచార
caritrakarul,చరిత్రకారుల,చిర్తికరర్లు
charithrakarula,చరిత్రకారుల,చరిత్రకరులు
caritrakarulaku,చరిత్రకారులకు,చిర్తరరకకులు
charithrakaarulaku,చరిత్రకారులకు,చరిత్రాకరులకు
charithrakarulaku,చరిత్రకారులకు,చరిత్రారుకలకు
caritrakarulu,చరిత్రకారులు,చిర్తకరరులు
charithrakarula,చరిత్రకారులు,చరిత్రకరులు
charchinchindhi,చర్చించింది,చర్చింందింి
churchlu,చర్చిలు,చర్చులు
charyalatho,చర్యలతో,చర్యాలతో
charyalathoo,చర్యలతో,చర్యాలతో
charyalapai,చర్యలపై,చర్యలలై
challagaane,చల్లగానే,చల్లాగనే
challagane,చల్లగానే,చల్లానే
challatam,చల్లటం,చల్లతం
challati,చల్లటి,చల్లతి
chavichooshaayi,చవిచూశాయి,చచివోసాయి
chavichusai,చవిచూశాయి,చచివచసు
chavichuusaayi,చవిచూశాయి,చచివచుసాయి
chaanhiyan,చాంపియన్,ఛానియన్
chaanakya,చాణక్య,చానక్య
chanakya,చాణక్య,చనక్య
chidatalu,చిడతలు,చిడటలు
chidathalu,చిడతలు,చదితలు
chithraranga,చిత్రరంగ,చిత్రరంగా
chitraranga,చిత్రరంగ,చిత్రరంగా
chitrikarinchadaniki,చిత్రించడానికి,చిత్రీకరించడానిక
chinukula,చినుకులా,చినుకుల
chinnathanam,చిన్నతనం,చిన్నానం
chinnathanamlo,చిన్నతనంలోనే,చిన్నతనంలో
chinnathanamlone,చిన్నతనంలోనే,చిన్తనానంలో
chinnadhigaa,చిన్నదిగా,చిన్నిగా
chinnadiga,చిన్నదిగా,చిన్నడిగా
chinnadigaa,చిన్నదిగా,చిన్నడిగా
chinnavayasu,చిన్నవయసు,చిన్నవసాసు
chiipurupalli,చీపురుపల్లి,చిపుపుర్లలి
cheelchi,చీల్చి,చేల్చి
chilchi,చీల్చి,చిల్చి
chuddam,చూద్దాం,చుడ్డం
chuuddaam,చూద్దాం,చూడ్డం
chenchula,చెంచులు,చెంచుల
chendhadamthoo,చెందడంతో,చెందండతో
chendhinadhe,చెందినదే,చెందినేద
chendinade,చెందినదే,చెందినేద
chendinde,చెందినదే,చెండిందే
cheda,చెద,చేద
chepthu,చెప్తూ,చెప్తు
cheptoo,చెప్తూ,చెప్తో
cheppagala,చెప్పగల,చెప్పగాల
cheppagla,చెప్పగల,చెప్పగ్ల
cheppagalamu,చెప్పగలము,చెప్పగాలము
cheppalaykapooyaaru,చెప్పలేకపోయారు,చెప్పలకపేయారు
cheppalekapoyaaru,చెప్పలేకపోయారు,చెప్పలకేపాారు
cheppalekapoyaru,చెప్పలేకపోయారు,చెప్పలకపేేారు
cheppavalasina,చెప్పవలసి,చెప్పవలసిన
cheraku,చెరకు,చేరకు
chellini,చెల్లని,చెల్లిని
chellemma,చెల్లెమ్మ,చెల్లమెమ్
chelleymma,చెల్లెమ్మ,చెల్లీమ్మ
chelleliki,చెల్లెలికి,చెల్లెళికి
cheylleliki,చెల్లెలికి,చెల్లేళికి
chetu,చేటు,చేతు
cheeyagaladu,చేయగలదు,చేయగలాడు
cheyagaladu,చేయగలదు,చేయగలాడు
cheeyavalsindigaa,చేయవలసిందిగా,చేయవలస్ిందిగా
cheeyinchagaa,చేయించగా,చేయింగా
cheeyinchatam,చేయించటం,చేయింటంట
cheinchaalani,చేయించాలని,చేయించాలి
cheinche,చేయించే,చేించే
chera,చేరా,చేర
chaeraadani,చేరాడని,చేరాదని
cheradani,చేరాడని,చేరదాని
cheeraaru,చేరారు,చీరారు
cheraru,చేరారు,చేరరు
cheesukommani,చేసుకొమ్మని,చేసుకోకమనని
chesukommani,చేసుకొమ్మని,చేసుకోకమనని
chestam,చేస్తాం,చేస్తం
chesthodani,చేస్తోందని,చేస్తోదని
chainiyula,చైనీయుల,చైనియుల
chaneeyulu,చైనీయులు,చనీయులు
chootiki,చోటికి,చూటికి
chootuki,చోటుకు,చూటుకి
chootuloo,చోటులో,చూటులో
chola,చోళ,చోల
choolha,చోళ,చూల
choludu,చోళుడు,చోలుడు
choolhudu,చోళుడు,చోలుడు
cha,ఛ,చా
chha,ఛ,చా
chainel,ఛానల్,చైనెల్
chanel,ఛానల్,చానెల్
channel,ఛానల్,చన్నెల్
chalenger,ఛాలెంజర్,చాలెంగర్
challengar,ఛాలెంజర్,చల్లెంగర్
challenger,ఛాలెంజర్,చల్లెంగర్
challenjer,ఛాలెంజర్,చల్లెంజర్
jantaku,జంటకు,జంతకు
jagityaala,జగిత్యాల,జాగిత్యాల
jagityala,జగిత్యాల,జాగిత్యా
jatilamaina,జటిలమైన,జాతీలమైన
japanu,జపాను,జపను
jayadeevudu,జయదేవుడు,జయయదేవుడు
jayadevudu,జయదేవుడు,జాయేదవుడు
jayabheeri,జయభేరి,జయయభీరి
jayabheri,జయభేరి,జయేరరీ
jarugakundaa,జరుగకుండా,జరుగుకండా
jarnalistu,జర్నలిస్టు,జర్లనిస్తు
journalistu,జర్నలిస్టు,జర్నలిస్తు
jarnalistulanu,జర్నలిస్టులను,జర్లనిస్తులను
journalistulanu,జర్నలిస్టులను,జర్యలిస్తులను
germanlu,జర్మన్లు,జెర్మనలు
jarmanlu,జర్మన్లు,జర్మానులు
jaazz,జాజ్,జాజ్జ్
jajj,జాజ్,జజ్జ్
jazz,జాజ్,జజ్జ్
zazz,జాజ్,జజ్జ్
jaateeyoodyamam,జాతీయోద్యమం,జాతీయోయ్యం
jaatheeyodhyamam,జాతీయోద్యమం,జాతీయోధ్యం
jaatiiyoodyamam,జాతీయోద్యమం,జాతీయయోద్యం
jatiyodyamam,జాతీయోద్యమం,జాతియయ్యాం
jaateeyoodyamaaniki,జాతీయోద్యమానికి,జాతీయోద్యానికి
jaatiiyoodyamaanikee,జాతీయోద్యమానికి,జాతీయయోద్మాికీ
jatheeyodhyamaniki,జాతీయోద్యమానికి,జాతీయోధ్యానికి
jatiyodyamaniki,జాతీయోద్యమానికి,జాతియోద్యానికి
jaanapada,జానపద,జనపాడ
jaanapadha,జానపద,జనపాద
janapada,జానపద,జనపప
janapadha,జానపద,జనపప
jaanapadam,జానపదం,జనపాడం
jaanapadham,జానపదం,జనపాంద
janapadam,జానపదం,జనపడం
janapadham,జానపదం,జనపందం
jaanapadhula,జానపదుల,జనపాదుల
jaanapadula,జానపదుల,జనపాడుల
janapadula,జానపదుల,జనపాదుల
janapdhula,జానపదుల,జనప్దుల
janet,జానెట్,జనెట్
jayin,జాయిన్,జయిన్
join,జాయిన్,జానిన్
zayin,జాయిన్,జయిన్
jari,జారీ,జరి
jaavaed,జావేద్,జావేడ్
jaavedh,జావేద్,జావెద్
jaawed,జావేద్,జావెడ్
javed,జావేద్,జావెడ్
jawed,జావేద్,జావెడ్
zawed,జావేద్,జావెడ్
jeguru,జిగురు,జెగురు
jegurunu,జిగురును,జెగురును
jiimmy,జిమ్మీ,జీమ్మీ
jimmi,జిమ్మీ,జిమ్మి
jimy,జిమ్మీ,జిమీ
giraffe,జిరాఫీ,గిరఫఫ్
jirafi,జిరాఫీ,జిరఫా
gene,జీన్,జెన్
jen,జీన్,జెన్
jene,జీన్,జెన్
junior,జూనియర్,జనూనిర్
zunior,జూనియర్,జనూనిర్
juniors,జూనియర్స్,జనూనిర్
juniyars,జూనియర్స్,జనియర్స్
juuniors,జూనియర్స్,జయూనర్స్
zuniors,జూనియర్స్,జనూనిర్
zuniyars,జూనియర్స్,జనియర్స్
jenni,జెన్నీ,జెన్ని
jeny,జెన్నీ,జెన్ీ
gessi,జెస్సీ,గెస్సీ
jesse,జెస్సీ,జెస్స్
zesse,జెస్సీ,జెస్స్
jebu,జేబు,జెబు
jebulo,జేబులో,జెబులో
jyaeshta,జ్యేష్ఠ,జ్యాష్ట
jyeeshtha,జ్యేష్ఠ,జీయ్షత
jyeshtha,జ్యేష్ఠ,జ్యేష్త
jyesta,జ్యేష్ఠ,జైజ్స్
jyoothsna,జ్యోత్స్న,జ్యోత్ష్న
jyootsna,జ్యోత్స్న,జ్యూట్స్న
jyotsna,జ్యోత్స్న,జయోట్స్న
tarm,టర్మ్,టార్మ్
term,టర్మ్,టెర్మ్
toy,టాయి,టో్
toyi,టాయి,టోయి
toilet,టాయిలెట్,టోయిలెట్
ticket,టికెట్,టికక్ట్
ticqet,టికెట్,టీకక్ట్
tikket,టికెట్,టికకెట్
ticketlanu,టికెట్లను,టీక్కెట్లను
tim,టిమ్,టిం
timm,టిమ్,తిమ్
teacher,టీచరు,టేచర్
teacheru,టీచరు,తేచేరు
teecharu,టీచరు,తీచారు
teacharugaa,టీచరుగా,తీచారుగా
teacherugaa,టీచరుగా,తేచేరుగా
teecharugaa,టీచరుగా,తీచరుగా
teacherlaku,టీచర్లకు,తేచేర్లకు
teecharlaku,టీచర్లకు,తీచర్లలకు
tarrorism,టెర్రరిజం,టర్రరరిమం్
terorism,టెర్రరిజం,టెరరరియ్
terrarijam,టెర్రరిజం,తెర్రరిజం
terrarism,టెర్రరిజం,టెర్రరరిం
terrorism,టెర్రరిజం,టెర్రరరియం
testunu,టెస్టును,తెస్తును
takeeoveer,టేకోవర్,టకీవరర్
takeovar,టేకోవర్,టేకవవర్
takeover,టేకోవర్,టకకవవర్
taqeover,టేకోవర్,టేకవర్
taimar,టైమర్,తైమర్
timar,టైమర్,తిమర్
timer,టైమర్,తిమెర్
toranto,టొరంటో,తోరంటో
torantoo,టొరంటో,తొరంటో
toronto,టొరంటో,టోరంటో
torontoe,టొరంటో,టోరొంటో
travel,ట్రావెల్,ట్రవెల్
tvittar,ట్విట్టర్,ట్విట్ర్
twiter,ట్విట్టర్,ట్వీటర్
twittar,ట్విట్టర్,ట్విట్ర్
daallaas,డల్లాస్,డాల్లస్
dalas,డల్లాస్,దలాస్
dallaas,డల్లాస్,దళ్లాస్
dallas,డల్లాస్,డల్లస్
daam,డాం,డామ్
dam,డాం,డమ్
doctoru,డాక్టరు,డాక్టరరు
daaktarugaa,డాక్టరుగా,దాక్టుగా
doctorugaa,డాక్టరుగా,డాక్టురగా
daaktarunu,డాక్టరును,దాక్తురను
doctorlanu,డాక్టరును,డాక్టర్్ను
daanube,డానుబే,దానుబ్
danube,డానుబే,డానుబ్
danuube,డానుబే,డనుబ్
dicq,డిక్,డిక్్
depaarture,డిపార్చర్,డిపార్ట్రు
departchar,డిపార్చర్,డెపార్టార్
departure,డిపార్చర్,డిపార్ట్రు
dim,డిమ్,డిం
delhi,డిల్లీ,దెళి
dilli,డిల్లీ,డిల్లి
discount,డిస్కౌంట్,డిస్కంట్
diskount,డిస్కౌంట్,డిస్కోంట్
deelks,డీలక్స్,డెల్స్క్
delaks,డీలక్స్,డెలక్స్
delukse,డీలక్స్,డెలుక్సే
delux,డీలక్స్,డెల్స్క్
deluxe,డీలక్స్,డెలుక్స్
deal,డీల్,డిల్
del,డీల్,డెల్
death,డెత్,డేయ్్
diaalog,డైలాగ్,డియాల్గ్
dialog,డైలాగ్,డియాల్్
dialogue,డైలాగ్,డిలాగూ్
domain,డొమైన్,డమైన్
domen,డొమైన్,డొమెన్
damarukam,ఢమరుకం,దమరమకు
dhamarukam,ఢమరుకం,ధమరకుం
delhi,ఢిల్లీ,దెళి
dhillii,ఢిల్లీ,దిళ్లీ
dhullii,ఢిల్లీ,దుళ్లీ
delhiki,ఢిల్లీకి,దెళికి
dhilliiki,ఢిల్లీకి,దిల్ళికి
delhini,ఢిల్లీని,దెళిని
dhelleeni,ఢిల్లీని,దిల్లేని
dhilliini,ఢిల్లీని,దిల్లీని
taginanta,తగినంత,తగినంట
thatti,తట్టి,తత్తి
tatvavaetta,తత్వవేత్త,తత్వవేేత్త
thathvavettha,తత్వవేత్త,తత్వవేత్తత
tatvavaettagaa,తత్వవేత్తగా,తత్వేవేత్తగా
tatvavettaga,తత్వవేత్తగా,తత్వేవేత్తగా
thathvavethaga,తత్వవేత్తగా,తత్వవేవతగా
tatvavaettalu,తత్వవేత్తలు,తత్వేవేత్తు
tatvavettalu,తత్వవేత్తలు,తత్వేవెత్తలు
thathvavethalu,తత్వవేత్తలు,తత్వతవేత్లు
tadanamtara,తదనంతర,తడనంతర
tadanantara,తదనంతర,తడనంతర
taditarulatho,తదితరులతో,తదిరుతలతో
taditarulanu,తదితరులను,తదితారులను
tanaku,తనకూ,తనకు
tanikhee,తనిఖీ,తనికే
tanikhi,తనిఖీ,తనికి
tanikhii,తనిఖీ,తనికి
tanikheelu,తనిఖీలు,తనికేలు
tanikhiilu,తనిఖీలు,తనికీలు
tanikhilu,తనిఖీలు,తనిికలు
tappadu,తప్పదు,తప్పడు
tayaru,తయరు,తయారు
thayaru,తయరు,తయారు
tayaaridaarulu,తయారీదారులు,తయారిదారులు
thayaaniidhaarulu,తయారీదారులు,తయానీదరులు
thayaridarulu,తయారీదారులు,తయారిదరులు
thayaaraithee,తయారైతే,తయారైతీ
thayaaryteyy,తయారైతే,తయార్య్యే
thayaaryna,తయారైన,తయార్యన
taragaalanu,తరంగాలను,తరగాలను
tarangini,తరంగిణి,తరంగిని
tharamgini,తరంగిణి,తరంగిని
taralu,తరాలు,తరలు
taagubotula,తాగుబోతుల,తాగుబోటుల
taatipuudi,తాటిపూడి,తాతపుడి
thaatipoodi,తాటిపూడి,తాతిపోది
thaathaaravu,తాతారావు,తాతారవు
taamaraaku,తామరాకు,తమారాకు
thaamaraaku,తామరాకు,తమారాకు
taaralugaa,తారలుగా,తారులాగా
taalhapatra,తాళపత్ర,తాలపాత్ర
thaalapathra,తాళపత్ర,తాపపాత్ర
timmana,తిమ్మన,తిమ్మా
thiruppaavai,తిరుప్పావై,తిరుప్పవాి
tiruppavy,తిరుప్పావై,తిరుపప్వే
therakundaa,తీరకుండా,తేరకుండా
theerala,తీరాల,తీరల
thirindi,తీరింది,తిరింది
tirindi,తీరింది,తిరింది
teesiveyadaaniki,తీసివేయడానికి,తీసేవేయయానికి
teesiveyadaniki,తీసివేయడానికి,తీసీవేయాానికి
theesiveyadaaniki,తీసివేయడానికి,తీీస్వేయాానికి
theesiveyadaniki,తీసివేయడానికి,తీీస్వేయానికి
theesukookandi,తీసుకోండి,తీసుకొకొంది
tiisukoemdi,తీసుకోండి,తీసుకొంది
tisukondi,తీసుకోండి,తీసుకొంది
theesukookundaa,తీసుకోకుండా,తీసుకొకుండా
tiisukoekumdaa,తీసుకోకుండా,తీసుకొకుండా
tisukokunda,తీసుకోకుండా,తీసుకొకుండా
thisukogaane,తీసుకోగానే,తీసుకొనానే
tisukogaane,తీసుకోగానే,తీసుకొగానే
tisukogane,తీసుకోగానే,తీసుకొగానే
teesukovalasi,తీసుకోవలసి,తీసుకోవాసిి
theesukoovalasi,తీసుకోవలసి,తీసుకోవాససి
tiisukoevalasi,తీసుకోవలసి,తీసుకోవాసి
thurumu,తురుము,తూరుము
turumu,తురుము,తురము
tegi,తెగి,టేగి
thegi,తెగి,తేగి
terameediki,తెరమీదికి,తెరమాడికి
teramidaki,తెరమీదికి,తెరమాడికి
teramiidiki,తెరమీదికి,తెరమాడికి
telangana,తెలంగాణ,తెలంగాన
telamgaanham,తెలంగాణం,తెలగంగణం
telanganam,తెలంగాణం,తెలంగానం
telamgaanhaku,తెలంగాణకు,తెలగంానకు
telanganaku,తెలంగాణకు,తెలంగానకు
telamgaanhanu,తెలంగాణను,తెలంగానను
telangananu,తెలంగాణను,తెలంగానను
telangaanaa,తెలంగాణా,తెలంగానా
telangana,తెలంగాణా,తెలంగాన
telanganaa,తెలంగాణా,తెలంగానా
thelangaanaa,తెలంగాణా,తెలంగానా
thelusukoovatam,తెలుసుకోవటం,తెలుసుకోవాం
thelusukoovaalanukune,తెలుసుకోవాలనుకునే,తెలుసుకోవులోకాను
thelusukoovaalanukunee,తెలుసుకోవాలనుకునే,తెలుసుకువోలోనాకు
thelusukovaalanukunae,తెలుసుకోవాలనుకునే,తెలుసుకువోనులానేక
tejaswini,తేజస్విని,తెజస్వాని
thejasvini,తేజస్విని,తెజ్వసిని
teeta,తేట,తీట
thaeta,తేట,తేత
teedaaga,తేడాగా,తేదగా
thaedaagaa,తేడాగా,తేదగా
thedaagaa,తేడాగా,తెదగా
teedaala,తేడాల,తీదాల
thedaala,తేడాల,తేదాల
telchadam,తేల్చడం,తెల్చడం
thelchadam,తేల్చడం,తెల్చడం
telchali,తేల్చాలి,తెల్చలి
thelchali,తేల్చాలి,తెల్చలలి
teelchindi,తేల్చింది,తెల్చింది
telchindi,తేల్చింది,తెల్చింది
thelchindi,తేల్చింది,తెల్చింది
taittiriiya,తైత్తిరీయ,తతిత్రీయ
taittiriya,తైత్తిరీయ,తతిత్రియ
thaittireeya,తైత్తిరీయ,తిత్టిరీ
tholinaalhlhaloo,తొలినాళ్ళలో,తొలిలనాళ్లో
tolinaalhlhaloe,తొలినాళ్ళలో,తొలినాళ్లలో
tolinallalo,తొలినాళ్ళలో,తొలిననల్లో
thoodeellhu,తోడేళ్ళ,తోడేళ్లు
todella,తోడేళ్ళ,తోడెళ్ల
thooluku,తోలుకు,తూలకు
toluku,తోలుకు,తొలుకు
thoolubommalaata,తోలుబొమ్మలాట,తోలుబొమ్టాలా
toelubommalaata,తోలుబొమ్మలాట,తొలబొం్మమాలా
tolubommalata,తోలుబొమ్మలాట,తొలొంబమూమాా
tyagam,త్యాగం,త్యగగం
dhaaman,థమన్,దామన్
dhaman,థమన్,దమన్
thaman,థమన్,తమన్
dattaatraeya,దత్తాత్రేయ,దట్ట్రాయే
dattaatreeya,దత్తాత్రేయ,దట్ట్రారీ
dattaatreya,దత్తాత్రేయ,దట్టార్్య
dattaatraeyudu,దత్తాత్రేయుడు,దట్ట్రాయయుడు
dattaatreeyudu,దత్తాత్రేయుడు,దట్ట్రాయయేడు
dattaatreyudu,దత్తాత్రేయుడు,దట్ట్రాయ్యుడు
dadhichi,దధీచి,దాిచి
dadhiichi,దధీచి,దదిచి
dhadheechi,దధీచి,దదేచి
dhayaananda,దయానంద,యాయనండ
dargee,దర్జీ,దర్గీ
dharjee,దర్జీ,ధర్జీ
darpanam,దర్పణం,దర్పనం
dharpanam,దర్పణం,ధర్పనం
dharbaaru,దర్బారు,దర్రారు
darshanaani,దర్శనాన్ని,దర్శనాని
darsi,దర్శి,దర్సీ
dharsi,దర్శి,దర్సి
dal,దళ్,డల్
dhal,దళ్,దాల్
davada,దవడ,దవవ
dhavada,దవడ,దవవ
davadalu,దవడలు,దవడాలు
dhavadalu,దవడలు,దవదాలు
dasaluga,దశలుగా,దశాలుగా
dasabdalu,దశాబ్దాలు,దశబ్దాలు
dampatya,దాంపత్య,దంపత్య
dhadi,దాడి,దాది
dhadiki,దాడికి,దాికి
dhadiga,దాడిగా,దదిగా
dhadito,దాడితో,దాితో
dhadilo,దాడిలో,దాిలో
daatalu,దాతలు,దాటలు
daadar,దాదర్,డాడర్
daadarr,దాదర్,డాడర్
daaridrya,దారిద్య్ర,దారిడ్రయ
dhaaridhrya,దారిద్య్ర,ధారిద్రయ
darilo,దారిలో,దరిలో
dariloni,దారిలోని,దరిలోని
darilone,దారిలోనే,దరిలోనే
darudu,దారుడు,దరుడు
daar,దార్,డార్
daarr,దార్,డార్
dar,దార్,డర్్
dhaasi,దాసీ,దాసి
daasoohum,దాసోహం,దాశోహం
dhaasoham,దాసోహం,దాశోం
dhaasooham,దాసోహం,దాశోం
dhitta,దిట్ట,దిత్ట
ditta,దిట్ట,దిత్త
dattamgaa,దిట్టంగా,దట్టంగా
dhittangaa,దిట్టంగా,దిత్టంగా
dittamga,దిట్టంగా,దిత్టంగా
divan,దివాన్,దివన్
divyabharathi,దివ్యభారతి,ది్యాభారతి
divyabharati,దివ్యభారతి,ది్యవభారతి
diipaala,దీపాల,డిపాల
dhusthithi,దుస్థితి,దుస్తితి
dusthiti,దుస్థితి,దుస్తితి
dhuki,దూకి,దుకి
duki,దూకి,దుకి
dhrukkonam,దృక్కోణం,దృృకొణం
drukkonam,దృక్కోణం,దృకృకొనం
drukkoonam,దృక్కోణం,దృకృకొణం
deeniki,దేనికి,దీనికి
deniki,దేనికి,దెనికి
daenigurimchainaa,దేనిగురించైనా,దేనిగురించినా
deenigurinchainaa,దేనిగురించైనా,దేనిగిరిచినాన
denigurinchaina,దేనిగురించైనా,దేనిగరిచిచైన
deeniloonuu,దేనిలోనూ,దీనిలోనూ
denilonu,దేనిలోనూ,దేనిలోను
daennii,దేన్నీ,దెన్నీ
deennee,దేన్నీ,దీన్నే
denni,దేన్నీ,డెన్ని
devatalu,దేవతలు,దేవతాలు
devalayam,దేవాలయం,దేవలయం
devalayampai,దేవాలయంపై,దేవలలపై
dheevaalayampai,దేవాలయంపై,దేవలాయంపై
devalayamloni,దేవాలయంలోని,దేవలయలోని
dheevaalayamlooni,దేవాలయంలోని,దేవలయలలోని
devalayamunu,దేవాలయమును,దేవలయమును
deeshaabhivruddiki,దేశాభివృద్ధికి,దేశభవా్్రికుది
deshaabhivrhuddhiki,దేశాభివృద్ధికి,దేశభవ్ర్్ధికి
dheshaabhivruddhiki,దేశాభివృద్ధికి,దేశభవద్ర్కుడి
dheshi,దేశి,దేషి
dongatanala,దొంగతనాల,దొంగతనల
dongani,దొంగని,దొంగాని
dongala,దొంగలా,దొంగల
dongalaa,దొంగలా,దొంగాల
dopidee,దోపిడీ,దోపిడే
dopidi,దోపిడీ,దోపిడి
doopidiiki,దోపిడీకి,దోపిడికి
dopideeki,దోపిడీకి,దోడిపేకి
dopidiki,దోపిడీకి,దోపిడికి
doopideeni,దోపిడీని,దూపిడేని
doopidiini,దోపిడీని,దోపిడిని
dopidini,దోపిడీని,దోపిడిని
doopideelu,దోపిడీలు,దూపిదేలు
dopideelu,దోపిడీలు,దోడిపీలు
dravida,ద్రవిడ,ద్రవిద
dravid,ద్రవిడ్,డ్రవిడ్
drakshalo,ద్రాక్షలో,ద్రక్షలో
drupaduni,ద్రుపదుని,దృపడుని
draupathi,ద్రౌపతి,ద్రాపతి
draupati,ద్రౌపతి,ద్రాపతి
draoupadito,ద్రౌపదితో,ద్రాపడితో
draupadithoo,ద్రౌపదితో,ద్రపడితో
draupadito,ద్రౌపదితో,ద్రాపడితో
droupaditho,ద్రౌపదితో,ద్రపోయితో
draupadini,ద్రౌపదిని,ద్రాపడిని
droupadini,ద్రౌపదిని,ద్రోపడిని
dwaraka,ద్వారకా,ద్వరక
dhanika,ధనిక,దనిక
dhanikudu,ధనికుడు,దనికుడు
dhanikula,ధనికుల,దనికుల
danunjaya,ధనుంజయ,దనంుజా
dhanunjaya,ధనుంజయ,దనుంజయ
daratho,ధరతో,దరతో
dharatho,ధరతో,దరతో
dharato,ధరతో,దరతో
daranu,ధరను,దరణు
dharanu,ధరను,ధరణు
daralu,ధరలు,దరాలు
daralo,ధరలో,దరలో
dharalo,ధరలో,దరలో
dharisthoo,ధరిస్తూ,దరిస్తూ
darmapuri,ధర్మపురి,ధర్మపపురి
dhaanya,ధాన్య,దాన్య
dhanya,ధాన్య,దన్య
dhaanyam,ధాన్యం,దాన్యం
dhanyam,ధాన్యం,ధన్యం
dhanyamunu,ధాన్యమును,ధన్యమును
dharmika,ధార్మిక,ధర్మిక
dhikkarimchi,ధిక్కరించి,దిక్రించి
dhikkarinchi,ధిక్కరించి,దిక్రించి
dhairya,ధైర్య,దైర్య
dhoovathi,ధోవతి,దూవతి
dhoovati,ధోవతి,దోవటి
dhovathi,ధోవతి,దోవతి
dhoumyudu,ధౌమ్యుడు,దౌముయుడు
dhyaanamu,ధ్యానము,ధ్యాము
dhyanamu,ధ్యానము,ధ్యనము
dhaninchi,ధ్యానించి,దనించి
dhaninchuchu,ధ్యానించుచు,దనించుచు
nanduku,నందుకు,నండుకు
nachee,నచ్చే,నచే
natisthoone,నటిస్తూనే,నటిస్తోనే
natisthune,నటిస్తూనే,నటిస్తునే
natistoone,నటిస్తూనే,నటిస్తోనే
natistuunee,నటిస్తూనే,నటిస్తునే
nateemanulu,నటీమణులు,నేటమనులు
natiimanulu,నటీమణులు,నటీమనులు
natimanulu,నటీమణులు,నటీమనులు
nadavadaaniki,నడవడానికి,నడడవానికి
nadavadaniki,నడవడానికి,నడడవానికి
nadini,నదిని,నడిని
nadiloki,నదిలోకి,నడిలోకి
namoonaagaa,నమూనాగా,నమోనాగా
namunaga,నమూనాగా,నమునగా
namuunaagaa,నమూనాగా,నమూనగా
namoonaala,నమూనాల,నమోనాల
namunala,నమూనాల,నమునల
namoonaalanu,నమూనాలను,నమోమాలను
namunalanu,నమూనాలను,నములనను
namuunaalanu,నమూనాలను,నముయాలను
namoonaalu,నమూనాలు,నమోనాలు
namunalu,నమూనాలు,నమునలు
namoonaalo,నమూనాలో,నమోనాలో
namunalo,నమూనాలో,నమునలో
namuunaaloo,నమూనాలో,నమునాలో
nammaru,నమ్మరు,నమ్మారు
nayam,నయం,నాయం
nayeem,నయీం,నేయం
naram,నరం,నరాం
nalumulala,నలుమూలలా,నలుములల
nalumuulalaa,నలుమూలలా,నలుమూలాల
nalgonda,నల్గొండ,నాలొంగడ
nallapareddi,నల్లపరెడ్డి,నల్లపెర్డడి
nallaparedii,నల్లపరెడ్డి,నల్లపరేడి
nevemberu,నవంబరు,నెవెంబరు
navambarloo,నవంబరులో,నవంబర్లో
novemberloo,నవంబరులో,నవెంబర్లో
navaneeth,నవనీత్,నవనేష్
navaniit,నవనీత్,నవనీట్
navanit,నవనీత్,నవానిట్
naveen,నవీన్,నవేన్
navin,నవీన్,నవిన్
naatee,నాటే,నాటీ
naatemduku,నాటేందుకు,నాటందుకు
naatendhuku,నాటేందుకు,నాటందుకు
naader,నాదిర్,నాడర్
naadir,నాదిర్,నాడిర్
nadir,నాదిర్,నడిర్
nalo,నాలో,నలో
naastikudu,నాస్తికుడు,నాస్టికుడు
nikshiptham,నిక్షిప్తం,నిక్షప్తిం
nicchena,నిచ్చెన,నిచ్చే
nichchena,నిచ్చెన,నిచ్చే
nichhena,నిచ్చెన,నిచ్చే
nijaayathi,నిజాయతీ,నిజాయతి
nidamarru,నిడమర్రు,నిమదారరు
nidivi,నిడివి,నిదివి
nimishaaniki,నిమిషానికి,నిమిశానికి
nimishaniki,నిమిషానికి,నిమిశానికి
nimishallo,నిమిషాల్లో,నిమిషల్లో
nimushaala,నిముషాల,నిముశాల
nimushala,నిముషాల,నిముషల
nimushaalaku,నిముషాలకు,నిముశాలకు
nimushalaku,నిముషాలకు,నిముషలకు
nirasanagaa,నిరసనగా,నిరసాణగా
nirodakata,నిరోధకత,నిరోడకట
nirodhakata,నిరోధకత,నిరోధకట
niroodhakata,నిరోధకత,నిరోధకట
niroodhakatam,నిరోధకత,నిరోోకటం
nirdhinchenduku,నిరోధించేందుకు,నిర్ధించేందుకు
nirdharinchadam,నిర్ధారించడం,నిర్ధరించడం
nirdaarinchadaaniki,నిర్ధారించడానికి,నిర్దరించడానికి
nirdharinchadaniki,నిర్ధారించడానికి,నిర్ధరించడానికి
nirdhaarinchaadu,నిర్ధారించాడు,నిర్రాించాడు
nirdharinchadu,నిర్ధారించాడు,నిర్ధించాడు
nirdharincharu,నిర్ధారించారు,నిర్ధించరారు
nirdharinchindi,నిర్ధారించింది,నిర్ధరించింది
nirdharinche,నిర్ధారించే,నిర్ధరించే
nirmulinchali,నిర్మూలించాలి,నిర్ములించాలి
nirmulinchi,నిర్మూలించి,నిర్ములించి
nirvahinchadam,నిర్వచించడం,నిర్వహించడం
nirvahakudu,నిర్వాహకుడు,నిర్వహకుడు
nilichina,నిలిచినా,నిలిచిన
nivasinche,నివశించే,నివసించే
nivarinchadaniki,నివారించడానికి,నివరించడానికి
nivasanni,నివాసాన్ని,నివాసన్ని
nivasalu,నివాసాలు,నివాసలు
nishedhibchadu,నిషేధించాడు,నిషేధించబడు
nishedhinchindi,నిషేధించి,నిషేధించింది
neekorika,నీకోరిక,నేకోరిక
nikorika,నీకోరిక,నికోరిక
neeta,నీట,నీత
nita,నీట,నిత
neethi,నీతి,నేతి
neeti,నీతి,నీటి
neevunu,నీవును,నేవును
nudhuti,నుదిటి,నుదుతి
nudita,నుదిటి,నుడిత
nuditi,నుదిటి,నుడితి
nudhutipai,నుదిటిపై,నుుద్తిపై
nuditipai,నుదిటిపై,నుడిిపాయి
nuditipie,నుదిటిపై,నుడిిపటీ
noojiveedu,నూజివీడు,నోగివేడు
nujiveedu,నూజివీడు,నుజివేడు
nuujiveedu,నూజివీడు,నూజివేడు
nuziveedu,నూజివీడు,నుజీవెడు
nuzividu,నూజివీడు,నుజివిడు
nuziviidu,నూజివీడు,నుజీవీడు
nootanamgaa,నూతనంగా,నూటనంగా
nuthanamga,నూతనంగా,నుతనంగా
nootan,నూతన్,నోటన్
noothan,నూతన్,నూటన్
nuthan,నూతన్,నూతనన్
nuuthan,నూతన్,నూతాన్
noothilo,నూతిలో,నోటిలో
noothiloo,నూతిలో,నోటిలో
nootilo,నూతిలో,నోటిలో
nuthilo,నూతిలో,నుతిలో
negative,నెగటివ్,నేగిటేవ్
negetive,నెగటివ్,నెగిటేే
nigative,నెగటివ్,నిగటివే
neerasthulaku,నేరస్థులకు,నేరస్తులకు
nerasthulaku,నేరస్థులకు,నేర్సస్తుకు
neerasthulanu,నేరస్థులను,నేరస్తులను
nerasthulanu,నేరస్థులను,నేరస్సులను
nersthulanu,నేరస్థులను,నేర్స్తులను
neeraroopanalu,నేరారోపణలు,నేరరూపణలు
neraaroopanalu,నేరారోపణలు,నిరరారణలలు
neraaropanalu,నేరారోపణలు,నిరారరణలలు
neereedu,నేరేడు,నీరేడు
nylon,నైలాన్,న్యలన్
noota,నోట,నూట
noble,నోబుల్,నబ్ల్
nowble,నోబుల్,నౌబ్ల్
noomu,నోము,నూము
naukaayaana,నౌకాయాన,నౌకాయన
noukaayaana,నౌకాయాన,నౌకాయన
nowkaayaana,నౌకాయాన,నౌకాయన
punchakamu,పంచకము,పుంచకము
panchatanthra,పంచతంత్ర,పంచటంత్ర
panchatantra,పంచతంత్ర,పంచటంత్ర
panchathanthra,పంచతంత్ర,పంచంతత్ర
panchatanthram,పంచతంత్రం,పంచటంత్రం
panchatantram,పంచతంత్రం,పంచటాట్రం
panchathanthram,పంచతంత్రం,పంచంతత్రం
panchaaraama,పంచారామ,పంచారమ
pancharaama,పంచారామ,పంచరామ
panchaaraamaalu,పంచారామాలు,పంచారమాలు
punjab,పంజాబ్,పుంజబ్
punzab,పంజాబ్,పుజాబ్
pakshala,పక్షాల,పక్షషల
pacchigane,పచ్చిగానే,పచ్చిగన్
pachigaanee,పచ్చిగానే,పచిచగానే
patishtanga,పటిష్ఠంగా,పాఠిష్టంగా
patishthamgaa,పటిష్ఠంగా,పాఠిష్ఠంగా
patishthingaa,పటిష్ఠంగా,పాఠిష్ఠంగా
patishtamina,పటిష్ఠమైన,పాఠిష్టమైన
patishthamaina,పటిష్ఠమైన,పాఠిష్ఠమైన
pattana,పట్టణ,పట్టన
pattanaaniki,పట్టణానికి,పట్టనానికి
pattanhaaniki,పట్టణానికి,పట్టనానికి
pattanaabhivruddhi,పట్టణాభివృద్ధి,పట్టానవభభివ్ధి
pattanhaabhivruddhi,పట్టణాభివృద్ధి,పట్టాభాభివృద్ధ
padakundaa,పడకుండా,పాడకుండా
padadhu,పడదు,పదదు
padadu,పడదు,పడడడు
padalaedu,పడలేదు,పదలేదు
padaledu,పడలేదు,పదలేదు
padaleedhu,పడలేదు,పదలేదు
padavalasina,పడవలసిన,పదవలసిన
patakaalanu,పతకాలను,పటకాలను
pathakaalanu,పతకాలను,పథకాలను
patakaalu,పతకాలు,పటకాలు
pathakaalu,పతకాలు,పఠకాలు
patayae,పతయే,పటేయ
pataye,పతయే,పాటే
pathayee,పతయే,పాతయే
pathrikaloo,పత్రికలూ,పత్రికలో
patrikaloo,పత్రికలూ,పత్రికలో
padaamuudava,పదమూడవ,పాడమువడ
padamuudava,పదమూడవ,పదమువవ
padhamoodava,పదమూడవ,పదమోదవ
padmanaabham,పద్మనాభం,పద్మానాభం
padmanabham,పద్మనాభం,పద్మానభం
pannagum,పన్నాగం,పన్నగగం
parabhaasha,పరభాష,పరాభా
parabhasha,పరభాష,పరాభష
paramapadamu,పరమపదము,పరమపడము
paramapadinchaaru,పరమపదించారు,పరమపడించారు
paramapadincharu,పరమపదించారు,పరామపదించారు
paramaatmanu,పరమాత్మను,పరమామ్తను
paramaatmanae,పరమాత్మనే,పరమామ్్నే
paramaatmane,పరమాత్మనే,పరామా్్నమే
paramaatmanee,పరమాత్మనే,పరామా్్నీ
paramaatmuni,పరమాత్ముని,పరమామతుని
parinaamaaniki,పరిణామానికి,పరిణాామికి
parinaamaanni,పరిణామాన్ని,పరిణాాన్ని
parinhaamaalu,పరిణామాలు,పరిణామలు
parirakshinchae,పరిరక్షించే,పరికర్షించే
parirakshinchee,పరిరక్షించే,పరికర్షించే
parishuddamaina,పరిశుద్ధమైన,పరిశుధ్ధమైన
parisuddhamaina,పరిశుద్ధమైన,పరిశుధ్ధమైన
prishuddhamaina,పరిశుద్ధమైన,ప్రిశుద్ధమైన
paryavasanam,పర్యవసానం,పర్యవవసనం
paryavasaanaalanu,పర్యవసానాలను,పర్యవసాాాలను
paryavasanalanu,పర్యవసానాలను,పర్యవవశాలను
palakadam,పలకడం,పాలకడం
palakadaaniki,పలకడానికి,పాలకడానికి
palakanu,పలకను,పాలకను
palaka,పలకా,పలక
palachaga,పలచగా,పలచాగా
palachagaa,పలచగా,పలచచగా
palukulanu,పలుకులను,పాలుకులను
pallakiloo,పల్లకిలో,పల్కలిలో
pallaki,పల్లకీ,పల్లకి
pasaru,పసరు,పశారు
pasitanam,పసితనం,పశితనం
pasithanam,పసితనం,పశితనం
pamdityaanni,పాండిత్యాన్ని,పందిత్యాన్ని
paakisthaan,పాకిస్థాన్,పాకిస్తాన్
pakistan,పాకిస్థాన్,పకిక్స్న్
pakisthan,పాకిస్థాన్,పకిక్స్థన్
pakshika,పాక్షిక,పక్షిక
paajitiv,పాజిటివ్,పాజితివ్
pasitiv,పాజిటివ్,పాసిత్వ
positiv,పాజిటివ్,పోసిటివ్
positive,పాజిటివ్,పోసితేవ్
pattar,పాటర్,పట్టర్
patter,పాటర్,పట్టర్
potar,పాటర్,పోటర్
pottaar,పాటర్,పొట్టార్
pottar,పాటర్,పోట్టర్
potter,పాటర్,పొట్టర్
patna,పాట్నా,పట్న
padina,పాడిన,పడిన
padukune,పాడుకునే,పడుకునే
paatavi,పాతవి,పాటవి
patavi,పాతవి,పటవి
para,పార,పర
paaraayana,పారాయణ,పారాయన
paaraayanha,పారాయణ,పారాణయ
paarudala,పారుదల,పారుడల
paartanrs,పార్టనర్స్,పార్టర్స్స్
paartnars,పార్టనర్స్,పార్ట్నర్స్
paartners,పార్టనర్స్,పార్ట్నర్స్
partnars,పార్టనర్స్,పర్టర్స్్
partners,పార్టనర్స్,పార్నెర్స్
paalapunta,పాలపుంత,పాలపుంట
paalapuntha,పాలపుంత,పాలపుంట
palapunta,పాలపుంత,పాలపుంట
palapuntha,పాలపుంత,పాలపుంట
paauline,పాలిన్,పాలినే
pauline,పాలిన్,పాలినే
paasaina,పాసైన,పాశైన
pasaina,పాసైన,పశైన
paasta,పాస్తా,పాస్త
paastha,పాస్తా,పాస్త
pasta,పాస్తా,పస్త
pastha,పాస్తా,పస్త
picca,పిక్క,పిక్స
pitamaha,పితామహ,పితమహ
pithaamaha,పితామహ,పిఠామహ
pithamaha,పితామహ,పిఠమహ
pithasaya,పిత్తాశయ,పిఠసాయ
pittaasaya,పిత్తాశయ,పిట్సాయ
pittasaya,పిత్తాశయ,పిట్సాయ
pyramid,పిరమిడ్,ప్రమియడ్
pillanagroovi,పిల్లనగ్రోవి,పిల్లనగరోవి
pillangrovi,పిల్లనగ్రోవి,పిల్లంగారోవి
pilar,పిల్లర్,పిలర్
peal,పీల్,పేల్
puntalu,పుంతలు,పుంటలు
punthalu,పుంతలు,పుంటలు
punaraavaasa,పునరావాస,పునరాాశ
punaravasa,పునరావాస,పునరావస
punaraavaasam,పునరావాసం,పునరావశం
punaravasam,పునరావాసం,పునరావశం
punariddharinchadam,పునరుద్ధరించడం,పునరుదిధ్రించాం
punaruddarinchadam,పునరుద్ధరించడం,పునరుద్రించడంం
punaruddharinchadam,పునరుద్ధరించడం,పునరుద్రించడంం
punaruddharinchadaaniki,పునరుద్ధరించడానికి,పునరుద్రించడానికి
punaruddarinchaaru,పునరుద్ధరించారు,పునరుద్దించారు
punaruddharinchaaru,పునరుద్ధరించారు,పునరుద్ధించరారు
punaruddharinchi,పునరుద్ధరించి,పునరుద్రించిి
punaruddharinche,పునరుద్ధరించే,పునరుద్రించేర
punaruddharinchee,పునరుద్ధరించే,పునరుద్రించేరే
punarnirmaana,పునర్నిర్మాణ,పునర్నిరమణ
punarnirmaanha,పునర్నిర్మాణ,పునర్్నరరమణ
punarnirmaanam,పునర్నిర్మాణం,పునర్ణిర్మాం
punarnirmaanham,పునర్నిర్మాణం,పునర్్ణార్మంం
punarnirmaanaaniki,పునర్నిర్మాణానికి,పునర్ణ్ర్మానికి
punarnirmaanhaaniki,పునర్నిర్మాణానికి,పునర్్ణ్రమానానికి
purapaalaka,పురపాలక,పురాలాక
purapalaka,పురపాలక,పురాలక
puraanamulatho,పురాణములలో,పురాణాలుతో
puraanamulato,పురాణములలో,పురాణాముతో
puraatanamaina,పురాతనమైన,పురాతమైనన
puratanamaina,పురాతనమైన,పురతామైన
purathanamaina,పురాతనమైన,పురతానమైన
puvvulatho,పువ్వులతో,పువువలతో
puvvulathoo,పువ్వులతో,పువువలతో
puvvulato,పువ్వులతో,పువువలతో
puvvulalo,పువ్వులలో,పువువలలో
puvvulaloo,పువ్వులలో,పువువలలో
poojagaa,పూజగా,పోజగా
poojalanu,పూజలను,పోజలను
poojimchadam,పూజించడం,పోోించడం
poojinchadam,పూజించడం,పోజించడం
poojimchina,పూజించిన,పోజించిన
poojinchina,పూజించిన,పోజించిన
poojimpa,పూజింప,పోజింప
poojinpa,పూజింప,పోజింప
poodika,పూడిక,పోడిక
pudika,పూడిక,పుడిక
purithamaina,పూరితమైన,పురితమైన
poosi,పూసి,పోసి
prudhu,పృథు,ప్రుడు
pruthu,పృథు,పృతూ
petteloe,పెట్టెలో,పెట్టలో
penampai,పెనంపై,పెంపైై
penampie,పెనంపై,పెంపైప
pepshi,పెప్సీ,పెప్షి
perugudala,పెరుగుదల,పెరుగుడల
perugudhala,పెరుగుదల,పెరుగులల
perugudalato,పెరుగుదలతో,పెరుగులతో
perugudalatoe,పెరుగుదలతో,పెరుగుడలతో
perugudhalathoo,పెరుగుదలతో,పెరుగులతతో
perugudalanu,పెరుగుదలను,పెరుగులనను
perugudhalanu,పెరుగుదలను,పెరుగులనను
paeda,పేడ,పేద
peda,పేడ,పేద
peramtaalu,పేరంటాలు,పెరంతాలు
perantaalu,పేరంటాలు,పెరంతాలు
paerennika,పేరెన్నిక,పేరేన్నిక
perennika,పేరెన్నిక,పేర్నినిక
perlaku,పేర్లకు,పెర్లకు
perlatho,పేర్లతో,పెర్లతో
perlato,పేర్లతో,పెర్లతో
perlanu,పేర్లను,పెర్లను
perlalo,పేర్లలో,పెర్లలో
paain,పైన్,పాయిన్
pine,పైన్,పిన్
pondutam,పొందుతాం,పొందుటం
pmdutunna,పొందుతున్న,పండుతున్న
ponde,పొందే,పొండే
pondhee,పొందే,పొందీ
potta,పొట్ట,పోట్ట
pottakooti,పొట్టకూటి,పోట్టకోటి
pottakuuti,పొట్టకూటి,పోట్టకూటి
pottatho,పొట్టతో,పొట్తో
pottathoo,పొట్టతో,పొత్తతో
pottato,పొట్టతో,పొట్తతో
pottapai,పొట్టపై,పొత్తపై
pottalo,పొట్టలో,పోట్టలో
pottaloo,పొట్టలో,పోట్టలో
podachupayi,పొడచూపాయి,పొదచుపాయి
pogadachoopaayi,పొడచూపాయి,పొగోచపాయాి
podhupugaa,పొదుపుగా,పొదుుగా
podupugaa,పొదుపుగా,పొడుపుగా
podhupunu,పొదుపును,పొదుును
podupunu,పొదుపును,పొడుపును
polam,పొలం,పోలం
polaala,పొలాల,పోలాల
poortunnaaru,పోతున్నారు,పూర్తున్నారు
ponichchaadu,పోనిచ్చాడు,పొనిచ్చాడు
poonicchaadu,పోనిచ్చాడు,పూనిచ్చాడు
poyaaraa,పోయారా,పోయార
poyara,పోయారా,పోయర
poolee,పోలే,పోలీ
pole,పోల్,పోలే
poeshimchinadi,పోషించినది,పోషించింది
poostarlu,పోస్టర్లు,పోస్తర్లు
prakatanalaku,ప్రకటనలకు,ప్రకటనాలకు
prathaapa,ప్రతాప,ప్రథాప
prathaapam,ప్రతాపం,ప్రథాపం
prataaparudra,ప్రతాపరుద్ర,ప్రతాపార్రర
prataparudra,ప్రతాపరుద్ర,ప్రతపారుద్ర
prathaaparudhra,ప్రతాపరుద్ర,ప్రతాపార్రర
prataaparudrudu,ప్రతాపరుద్రుడు,ప్రతాపారుడ్డు
prathaaparudhrudu,ప్రతాపరుద్రుడు,ప్రతాపారుడ్రుు
prataaparudruni,ప్రతాపరుద్రుని,ప్రతాపుదురుని
prathaaparudhruni,ప్రతాపరుద్రుని,ప్రతాపుద్రుని
prathinidhulanu,ప్రతినిధులను,ప్రతినధిలును
pratinidhulanu,ప్రతినిధులను,ప్రతినదిధులు
pratinidhulu,ప్రతినిధులు,ప్రతినిదులు
prathiphamgaa,ప్రతిఫలంగా,ప్రతిింగా
pratiphalamgaa,ప్రతిఫలంగా,ప్రతిలలంగా
prathifalaanni,ప్రతిఫలాన్ని,ప్రతిఫాలన్ని
prathiphalaanni,ప్రతిఫలాన్ని,ప్రతిఫాలన్ని
pratiphalaanni,ప్రతిఫలాన్ని,ప్రతిపాలన్ని
pratibimba,ప్రతిబింబ,ప్రతిబిబం
prathibimbam,ప్రతిబింబం,ప్రతిబిబంం
pratibimbam,ప్రతిబింబం,ప్రతిబిబంం
prathibimbinchee,ప్రతిబింబించే,ప్రతిబింంచింే
pratibimbimchae,ప్రతిబింబించే,ప్రతిబించించే
pradeep,ప్రదీప్,ప్రాడీప్
pradiip,ప్రదీప్,ప్రాడిప్
praddhaanopaadhyayudu,ప్రధానోపాధ్యాయుడు,ప్రదాధనాయ్పుయడుడు
pradhaanopaadhyaayudu,ప్రధానోపాధ్యాయుడు,ప్రాధానాయ్పుయడు
pradhanoopaadhyaayudu,ప్రధానోపాధ్యాయుడు,ప్రధానాయ్పయ్యుడు
pradhaan,ప్రధాన్,ప్రథాన్
prabho,ప్రభో,ప్రభూ
prabhoo,ప్రభో,ప్రభూ
pramanamulu,ప్రమాణములు,ప్రామణములు
prameela,ప్రమీల,ప్రమేళ
pravrtti,ప్రవృత్తి,ప్రవర్తితి
pravvrhutthi,ప్రవృత్తి,ప్రవవృత్తి
pravrttini,ప్రవృత్తిని,ప్రవర్తితిని
pravesinchakunda,ప్రవేశించకుండా,ప్రవేశించుకండా
prasaadaraavu,ప్రసాదరావు,ప్రసాదారవు
prasadarao,ప్రసాదరావు,ప్రసదరరవవు
praachina,ప్రాచీన,ప్రాచిన
prachina,ప్రాచీన,ప్రచిన
prajektunu,ప్రాజెక్టును,ప్రజెక్టును
projectunu,ప్రాజెక్టును,ప్రోజెక్సును
praajektulatoo,ప్రాజెక్టులతో,ప్రజాకెటుటలో
prajektulato,ప్రాజెక్టులతో,ప్రజెక్టులతో
projectlatho,ప్రాజెక్టులతో,ప్రొజెక్ట్లతో
praajektulu,ప్రాజెక్టులు,ప్రాజకెట్లు
prajektulu,ప్రాజెక్టులు,ప్రజెక్టులు
projectulu,ప్రాజెక్టులు,ప్రోజెక్సులు
project,ప్రాజెక్ట్,ప్రోజెక్ట్
projekt,ప్రాజెక్ట్,ప్రోజెక్ట్
prozect,ప్రాజెక్ట్,ప్రోజెక్ట్
prana,ప్రాణ,ప్రణ
pranamga,ప్రాణంగా,ప్రణంగా
pranamu,ప్రాణము,ప్రణము
pranamulu,ప్రాణములు,ప్రణములు
praaanaanni,ప్రాణాన్ని,ప్రాానాన్ని
pranaanni,ప్రాణాన్ని,ప్రణాాన్ని
prananni,ప్రాణాన్ని,ప్రణాన్ని
pranalatho,ప్రాణాలతో,ప్రణాలతో
praathipadhikagaa,ప్రాతిపదికగా,ప్రతిధాికగా
praatipadikagaa,ప్రాతిపదికగా,ప్రతిపాదికగా
praathipadhikana,ప్రాతిపదికన,ప్రతిపాధికన
praatipadikana,ప్రాతిపదికన,ప్రతిపాడికన
praathipadhikapai,ప్రాతిపదికపై,ప్రతిధిపపపిక
praatipadikapai,ప్రాతిపదికపై,ప్రతిపాపపికై
praatipadikapie,ప్రాతిపదికపై,ప్రతిపాపిపీటీ
praadhamikamga,ప్రాథమికంగా,ప్రాధామికంగా
praadhamikamgaa,ప్రాథమికంగా,ప్రాధామికంగా
prathamikangaa,ప్రాథమికంగా,ప్రతమీకంగా
prayamaina,ప్రాయమైన,ప్రయమైన
preet,ప్రీత్,ప్రేట్
preeth,ప్రీత్,ప్రేత్
french,ప్రెంచ్,ఫ్రెంచ్
prench,ప్రెంచ్,ప్రేంచ్
prodakctions,ప్రొడక్షన్స్,ప్రొడక్క్షన్స్
prodakshans,ప్రొడక్షన్స్,ప్రొక్్షన్స్
productions,ప్రొడక్షన్స్,ప్రొడ్యక్షన్స్
produkshans,ప్రొడక్షన్స్,ప్రొడ్క్షన్స్
prodacts,ప్రోడక్ట్స్,ప్రోడ్స్స్్
products,ప్రోడక్ట్స్,ప్రొడ్స్ట్స్
funk,ఫంక్,ఫ్యక్్
funq,ఫంక్,ఫ్కం్
phunk,ఫంక్,ఫ్యంక్్
fangal,ఫంగల్,ఫంగాల్
fungal,ఫంగల్,ఫుంగాల్
fuungal,ఫంగల్,ఫుంగాల్
phungal,ఫంగల్,ఫంగాల్
falitam,ఫలితం,ఫలిటం
phalitam,ఫలితం,ఫలిటం
follow,ఫాలో,ఫోల్వో
folow,ఫాలో,ఫోలో
phaloo,ఫాలో,ఫలో
phollow,ఫాలో,ఫోల్వో
fysics,ఫిజిక్స్,ఫైస్స్్
physics,ఫిజిక్స్,ఫైస్స్స్
february,ఫిబ్రవరి,ఫెబ్రరరీ
phiryadulanu,ఫిర్యాదులను,ఫిర్యదులను
fod,ఫుడ్,ఫోడ్
food,ఫుడ్,ఫోడ్
fud,ఫుడ్,ఫ్డ్
phod,ఫుడ్,ఫోడ్
phud,ఫుడ్,ఫ్డ్
federation,ఫెడరేషన్,ఫెడేరేషన్
federetion,ఫెడరేషన్,ఫెడేరేషన్
feedeeration,ఫెడరేషన్,ఫీడేరిన్
phederation,ఫెడరేషన్,ఫెడేరేషన్
face,ఫేస్,ఫెక్
fees,ఫేస్,ఫీస్
phace,ఫేస్,ఫెక్
phas,ఫేస్,ఫాస్
phee,ఫేస్,ఫీ
fillanu,ఫైళ్లను,ఫిల్లను
phaillhanu,ఫైళ్లను,ఫైళ్ళను
fillu,ఫైళ్లు,ఫిల్లు
phaillhu,ఫైళ్లు,ఫైళ్ళు
fridai,ఫ్రైడే,ఫ్రీడై
friday,ఫ్రైడే,ఫ్రిడే
phraiday,ఫ్రైడే,ఫ్రైడి
phriday,ఫ్రైడే,ఫ్రీడి
fluid,ఫ్లూయిడ్,ఫ్లైడ్
fluuid,ఫ్లూయిడ్,ఫ్లూడి
phluid,ఫ్లూయిడ్,ఫ్లైడ్
flait,ఫ్లైట్,ఫ్లాటట్
flight,ఫ్లైట్,ఫ్లిట్
phlight,ఫ్లైట్,ఫ్లిట్
bamdii,బందీ,బండీ
bandee,బందీ,బండే
bamdiilugaa,బందీలుగా,బండిలుగా
bandeelugaa,బందీలుగా,బందేయులగా
bandinchindi,బంధించింది,బందించింది
bacchan,బచ్చన్,బ్చచ్
bachchan,బచ్చన్,బ్చచ్
batuku,బతుకు,బటుకు
batuke,బతుకే,బాటుకే
bammera,బమ్మెర,బామ్మేరా
bayatapadataaniki,బయటపడటానికి,బయటపటటానికి
bayatapadataniki,బయటపడటానికి,బయటపటటానికి
balaheenathalanu,బలహీనతలను,బలహీననాలు
balahiinatalanu,బలహీనతలను,బలహీనటనలు
balahinatalanu,బలహీనతలను,బలహినటనలు
balaheenathalu,బలహీనతలు,బలహీనాలు
balahiinatalu,బలహీనతలు,బలహీనటలు
balahinatalu,బలహీనతలు,బలహినటలు
balini,బలిని,బలలిని
balla,బల్ల,బళ్లా
ballapai,బల్లపై,బళ్లపై
basa,బస,బాస
bahishkarinchadam,బహిష్కరించడం,భహిస్కరించడం
bahishkarinchaalani,బహిష్కరించాలని,భహిక్రించాలని
bahishkarinchalani,బహిష్కరించాలని,భహిక్షరించాలని
bahishkaristhu,బహిష్కరిస్తూ,బహిక్షిస్తూ
bahishkaristoo,బహిష్కరిస్తూ,బహిక్షిస్తూ
bahishkaristu,బహిష్కరిస్తూ,బహిక్షిస్తూ
bahishkaristuu,బహిష్కరిస్తూ,బహిక్షిస్తూ
bahubhaashaa,బహుభాషా,బుభుహాస
bahubhasha,బహుభాషా,బుభూహష
bahuuruupa,బహురూప,బహుూపర
bock,బాక్,బాక్్
bocq,బాక్,బాక్్
baaksaapheesu,బాక్సాఫీసు,బా్క్సీపు
baaksaaphisu,బాక్సాఫీసు,బా్కస్పీసు
boxoffice,బాక్సాఫీసు,బాస్కోఫిక్
bagunnara,బాగున్నారా,బాగున్నార
badhyatlanu,బాధ్యతలను,బాధ్యత్లను
baapooji,బాపూజీ,బాపోజి
baapuujii,బాపూజీ,బాజపూీ
bapuji,బాపూజీ,బాపుజీ
bava,బావా,బావ
baasatagaa,బాసటగా,బాసతగా
basataga,బాసటగా,బససతగా
baahaatamgaa,బాహాటంగా,బాహతంగా
baahatangaa,బాహాటంగా,బాహతంగా
bahatamga,బాహాటంగా,బహతంగా
bijeegaa,బిజీగా,బిజిగా
bijiigaa,బిజీగా,బీజిగా
busyga,బిజీగా,బస్గ
budha,బుద్ధ,బుద
buuddha,బుద్ధ,బూద్ధ
buddha,బుద్ధా,బుద్ధ
budha,బుధ,బుద
burrakadha,బుర్రకథ,బర్రకద
burrakatha,బుర్రకథ,బర్రకరత
bullodu,బుల్లోడు,బుల్లడు
bootakapu,బూటకపు,బోటకపు
butakapu,బూటకపు,బుటకాపు
bruhat,బృహత్,బృహాత్
benajir,బెనజీర్,బెనేజర్
benazir,బెనజీర్,బెనేజిర్
beradunu,బెరడును,బెరదును
baedi,బేడి,బేది
bedi,బేడి,బెడీ
bedee,బేడీ,బీడే
bedi,బేడీ,బెడీ
bedii,బేడీ,బెడీ
baetaalha,బేతాళ,బేతాల
betaala,బేతాళ,బెతాల
betala,బేతాళ,బెటల
baetaalhudu,బేతాళుడు,బేతలుడు
betaaludu,బేతాళుడు,బెతాలుడు
betaludu,బేతాళుడు,బెతలుడు
baesy,బేసి,బేస్ీ
bassy,బేసి,బసస్ీ
besy,బేసి,బేస్ీ
baibil,బైబిల్,బబిిల్
bible,బైబిల్,బిబ్ల్
bottutho,బొట్టుతో,బోట్తుతో
bommalata,బొమ్మలాట,బొమ్మలత
bollaapalli,బొల్లాపల్లి,బొల్లాల్లి
bodhimchadaaniki,బోధించడానికి,బొధించడానికి
bodhinchadaaniki,బోధించడానికి,బొధించడానికి
bodhinchadaniki,బోధించడానికి,బొధించడానికి
boodhinchaadu,బోధించాడు,బూధించాడు
boodhinchindi,బోధించింది,బూధించింది
bodhimchenu,బోధించెను,బోధించేను
bodhinchenu,బోధించెను,బోధించేను
boodhinchenu,బోధించెను,బూధించెను
boora,బోర,బూర
badmeenton,బ్యాడ్మింటన్,బా్మెమెన్
badminton,బ్యాడ్మింటన్,బా్మింంటన్
byaadmintan,బ్యాడ్మింటన్,బ్యాండింటన్
byadmintan,బ్యాడ్మింటన్,బ్యామింటనన్
brahmaanda,బ్రహ్మాండ,బ్రహ్మాంద
brahmanda,బ్రహ్మాండ,బ్రహ్మంద
brahmaandamaina,బ్రహ్మాండమైన,బ్రహ్మమధ్యనన
brahmaandamiena,బ్రహ్మాండమైన,బ్రహ్మాందైనన
brahmandamaina,బ్రహ్మాండమైన,బ్రహ్మమందైన
briaan,బ్రియాన్,బ్రియన్
brian,బ్రియాన్,బ్రైన్
briyaan,బ్రియాన్,బ్రియన్
briyan,బ్రియాన్,బ్రియన్
blad,బ్లడ్,బ్లాడ్
blood,బ్లడ్,బ్లూడ్
blud,బ్లడ్,బ్లూడ్
bhagavat,భగవత్,భాగవత్
bhagavath,భగవత్,భాగవత్
bhagawat,భగవత్,భాగవత్
bhayamoo,భయమూ,భయమో
bhayamu,భయమూ,భయము
bhayamuu,భయమూ,భయము
bhratha,భరత,భ్రత
bharadhvaajudu,భరద్వాజుడు,భర్వదాుు
bharadwaajudu,భరద్వాజుడు,భర్దావుడు
bharadwajudu,భరద్వాజుడు,భర్దవుడుు
bhavananloki,భవనంలోకి,భవనాలోనిక
bhavanamloni,భవనంలోని,భవవంలోని
bhavananloni,భవనంలోని,భవనాలలోని
bhavanalaku,భవనాలకు,భవవనలకు
bhavanaalanu,భవనాలను,భవవనాలు
bhavanalanu,భవనాలను,భవవనలను
bhavanalu,భవనాలు,భవనను
bhaahamgaanae,భాగంగానే,భాహంగానే
bhagaswamulaku,భాగస్వాములకు,భాగస్వములకు
bhagaswamulu,భాగస్వాములు,భాగస్వములు
bhagalatho,భాగాలతో,భాగలతో
bhagyulyna,భాగాలైన,భాగ్యుల్న
bharathadesam,భారతదేశము,భారతదేశం
bharatadesamuloni,భారతదేశములోని,భారతేశదులోని
bharathadesamulooni,భారతదేశములోని,భారతేశదులోని
bharathi,భారతి,భరతి
bharati,భారతి,భరతి
bhaaratheeyulandharikee,భారతీయులందరికీ,భారతయాలేదరరికీ
bharathiyulandhariki,భారతీయులందరికీ,భారతయాలుదందికీ
bharatiyulandariki,భారతీయులందరికీ,భారతయాలుదారికి
bhaaratheeyulatho,భారతీయులతో,భారతీయలతో
bharateeyulatoo,భారతీయులతో,భారతీయుతో
bharatiyulato,భారతీయులతో,భారతీయుతో
bhaaratheeyulapai,భారతీయులపై,భారతీయులై
bharateeyulapai,భారతీయులపై,భారతీయులై
bharatiiyulapai,భారతీయులపై,భారతీలైపై
bharatiyulapie,భారతీయులపై,భారతియలపై
bhavalanu,భావాలను,భవాలను
bhaashallo,భాషల్లో,భాషాల్లో
bheeshmudiki,భీష్ముడికి,భేష్ముడికి
bhishmudiki,భీష్ముడికి,భిష్ముడికి
bhujangaraavu,భుజంగరావు,భూజంగారావు
bhuugaanaaniki,భూభాగానికి,భూగానానికి
bhuubhaalanu,భూభాగాలను,భూభాలను
bhummida,భూమ్మీద,భూమ్మిద
bhuummida,భూమ్మీద,భూమిమద
bhoolookamloo,భూలోకంలో,భూలకంలో
bhulokamlo,భూలోకంలో,భూలకోంలో
bhuuloekamloe,భూలోకంలో,భూలకోంలో
bhoolookamloo,భూలోకములో,భూలకంలో
bhulokamulo,భూలోకములో,భూలకోములో
bhuuloekamuloe,భూలోకములో,భూలకోములో
bheeri,భేరి,భీరి
bheri,భేరి,భీరి
boutikangaa,భౌతికంగా,బౌటికంగా
mangalampalli,మంగళంపల్లి,మంగలంపల్లి
mangalapalli,మంగళంపల్లి,మంగలపల్లి
mandalamuloni,మండలములోని,మండలలులోని
mandalamulooni,మండలములోని,మండలలులోని
mamdamgaa,మందంగా,మండంగా
mandamga,మందంగా,మండంగా
mandamaina,మందమైన,మండమైన
mandalu,మందలు,మండలు
mandhaara,మందార,మందర
mandhaaram,మందారం,మందరం
mande,మందే,మండే
mandee,మందే,మందీ
makaramda,మకరంద,మకరరండ
makaranda,మకరంద,మకరరండ
magada,మగడా,మగద
magavaalhlhu,మగవాళ్ళు,మాగళవ్ళు
maggam,మగ్గం,మాగ్గం
maggalu,మగ్గాలు,మగ్గలు
magguthunna,మగ్గుతున్న,మగగ్గుతున్న
maggutunna,మగ్గుతున్న,మగగ్గుతున్న
machhuka,మచ్చిక,మచ్చుక
matamlo,మఠంలో,మటంలో
mathamlo,మఠంలో,మతంలో
mattamloo,మఠంలో,మట్టంలో
madona,మడోన్నా,మదోన
madonna,మడోన్నా,మదోన్న
madonnaa,మడోన్నా,మొద్నాన
madoonnaa,మడోన్నా,మదోన్నా
maddi,మడ్డి,మద్ది
manhikanta,మణికంఠ,మణికంట
manhikantha,మణికంఠ,మణికంత
manikanta,మణికంఠ,మనికంట
matastula,మతస్తుల,మాటస్తుల
mathasthula,మతస్తుల,మతస్థుల
mataachaaraalanu,మతాచారాలను,మతాచారలను
matacharalanu,మతాచారాలను,మతాచాలను
mathaachaaraalanu,మతాచారాలను,మతాచారలను
madraasuku,మద్రాసుకు,మద్రసుకు
madrasuku,మద్రాసుకు,మద్రసుకు
madraasuloo,మద్రాసులో,మద్రసులో
madrasulo,మద్రాసులో,మద్రసులో
manugada,మనుగడ,మనుగద
manugadaku,మనుగడకు,మనుగదకు
manugadaloe,మనుగడలో,మనుగదలో
manoemaya,మనోమయ,మనమోయ
manomaya,మనోమయ,మనమయయ
manoomaya,మనోమయ,మనూమయ
mannanalu,మన్ననలు,మన్ననాలు
manro,మన్రో,మార్ో
manroe,మన్రో,మారో
monroe,మన్రో,మొన్రో
mammi,మమ్మీ,మమ్మి
mamy,మమ్మీ,మమ్
mommi,మమ్మీ,మమ్మి
momy,మమ్మీ,మమి
mummi,మమ్మీ,ముమ్మి
mummy,మమ్మీ,ముమ్ీ
mumy,మమ్మీ,ముమీ
muummy,మమ్మీ,మూ్మీ
marakalu,మరకలు,మరకాలు
maripeda,మరిపెడ,మరిపేద
maroka,మరోక,మరొక
malachi,మలచి,మలచచి
malchi,మలచి,మల్చి
malamoo,మలము,మలమో
malayaala,మలయాళ,మలయాల
malayalee,మలయాళ,మలయాలీ
malayali,మలయాళ,మలయాలి
mavuthundhi,మవుతుంది,మావుతుంది
mavuthundi,మవుతుంది,మావుతుంది
mavutundi,మవుతుంది,మావుతుంది
mashoochi,మశూచి,మహోచి
mashuchi,మశూచి,మాశుచి
masoochi,మశూచి,మోసచి
mahattara,మహత్తర,మహాత్ర
mahatthara,మహత్తర,మహతత్ర
mahadevi,మహాదేవి,మహదేవి
mahaanubhaavudu,మహానుభావుడు,మహాహుబావాుు
mahanubhavudu,మహానుభావుడు,మహాుభువాడు
mahaapandithudu,మహాపండితుడు,మహాపడింతుడు
mahapanditudu,మహాపండితుడు,మహాపడింతుడు
mahabharatamu,మహాభారతము,మహాభరతము
mahabharathamu,మహాభారతము,మహాభరతము
mahabharathanni,మహాభారతాన్ని,మహహారతాన్ని
mahamuni,మహాముని,మహముని
mahalakshmi,మహాలక్ష్మి,మహలకక్ష్మి
mahalaya,మహాలయ,మహలయ
mahaavishnuvu,మహావిష్ణువు,మహావిన్సుు
mahavishnuvu,మహావిష్ణువు,మహవిశ్వుుు
mahotsavaalu,మహోత్సవాలు,మోహ్సత్వాలు
mahotsavalu,మహోత్సవాలు,మహోస్తోవాలు
manthrika,మాంత్రిక,మంత్రిక
mantrika,మాంత్రిక,మంత్రిక
manthrikulu,మాంత్రికులు,మంత్రికులు
metrices,మాట్రిక్స్,మెట్రిక్స్
maathyuu,మాథ్యూ,మాత్యూ
maatthew,మాథ్యూ,మాత్్వే
mathew,మాథ్యూ,మతే
matthew,మాథ్యూ,మత్్వే
metthew,మాథ్యూ,మెత్్వే
maathyoos,మాథ్యూస్,మాట్యూస్
mathews,మాథ్యూస్,మాటేస్
maadhava,మాధవ,మాదవ
maadhava,మాధవా,మాదవ
maadhavaa,మాధవా,మాదవా
mana,మాన,మన
mafia,మాఫియా,మేఫియా
maphia,మాఫియా,మఫీయా
maarutee,మారుతీ,మారుటే
maaruthi,మారుతీ,మారుతి
maarutii,మారుతీ,మారుటీ
maruthee,మారుతీ,మారుతే
maaruteeravu,మారుతీరావు,మాారుతేవాు
maaruthiravu,మారుతీరావు,మారుతిరవు
maruthirao,మారుతీరావు,మారుతిరావు
marutirao,మారుతీరావు,మారుటిరావు
maree,మారే,మరే
marchadu,మార్చాడు,మార్చడు
marchalani,మార్చాలని,మర్చలలని
maartial,మార్షల్,మార్టిల్
marshal,మార్షల్,మర్షల్
marshall,మార్షల్,మర్శల్
martial,మార్షల్,మార్టిల్
mala,మాలా,మల
mali,మాలి,మలి
maalavika,మాళవిక,మాలవిక
malavika,మాళవిక,మలవిక
masamalu,మాసములు,మసమలు
mickey,మిక్కీ,మిక్ీ
micqey,మిక్కీ,మికకీ
miickey,మిక్కీ,మిక్సీ
mikkey,మిక్కీ,మిక్కే
mikki,మిక్కీ,మిక్కి
migita,మిగితా,మిగిత
meekantae,మీకంటే,మేకంటే
meeku,మీకు,మేకు
meemaamsaku,మీమాంసకు,మీమాంకకు
meemamsaku,మీమాంసకు,మీమంకాకు
meeroo,మీరూ,మీరో
meeru,మీరూ,మీరు
mundhumaatalo,ముందుమాటలో,ముందుతాలో
mundhumaataloo,ముందుమాటలో,ముందుతాలో
mundhumatalo,ముందుమాటలో,ముందుంతలో
mundumaataloo,ముందుమాటలో,ముందుతాలో
mumbailo,ముంబైలో,ముంబాయిలో
mumbailoo,ముంబైలో,ముంబయిలో
mukthyala,ముక్త్యాల,ముక్త్యల
mukytala,ముక్త్యాల,ముక్యతల
munupe,మునుపే,మునూపే
minsipal,మున్సిపల్,మినిసిపల్
muncipal,మున్సిపల్,ముం్విపల్
municipal,మున్సిపల్,మున్ిిపాల్
muppai,ముప్ఫై,ముప్పై
mupphi,ముప్ఫై,ము్ఫి
murise,మురిసే,మురిస్
mulla,ముళ్ల,ముళ్ళ
mullu,ముళ్లు,ముళ్ళు
muslim,ముస్లిం,ము్లిిం
muslimlu,ముస్లింలు,ముస్లిమ్లు
moodadugula,మూడడుగుల,మొదడుగుల
mudadugula,మూడడుగుల,ముదదుగుల
murti,మూర్తి,ముర్తి
murtini,మూర్తిని,ముర్టిని
muulamgaanee,మూలంగానే,మూలగంానే
moolaalaku,మూలాలకు,మూలలకు
mooshaaru,మూశారు,మోషారు
musharu,మూశారు,ముషారు
muushaaru,మూశారు,ముషారు
muuseeki,మూసీకి,మూసేకి
muusiiki,మూసీకి,మూసికి
medicines,మెడిసిన్స్,మెడినిస్స్
medisins,మెడిసిన్స్,మెడిస్స్
mailing,మెయిలింగ్,మైలింగ్
meyilimg,మెయిలింగ్,మెయిింగ్్
meyiling,మెయిలింగ్,మెయిింగ్
meeghamaa,మేఘమా,మీఘాా
maeda,మేడ,మేద
meda,మేడ,మేద
meeda,మేడ,మీద
maedae,మేడే,మేదే
maede,మేడే,మేదే
mayday,మేడే,మేయద్
mede,మేడే,మెడ్
maeta,మేత,మేట
meta,మేత,మేట
metha,మేత,మెత
matho,మేథో,మతో
mathoo,మేథో,మతో
metho,మేథో,మెతో
methoo,మేథో,మెతో
medassu,మేధస్సు,మెడసస్
medhassu,మేధస్సు,మెదసస్
medhassuku,మేధస్సుకు,మెదస్సుకు
maedhassunu,మేధస్సును,మేదస్సును
medhassunu,మేధస్సును,మెదస్సును
maethoo,మేధో,మేతో
medho,మేధో,మెదో
meedhoo,మేధో,మీదో
mayaru,మేయరు,మయరు
mayoru,మేయరు,మేయూరు
mestay,మేస్తే,మెస్టే
meste,మేస్తే,మెస్టే
mestee,మేస్తే,మెస్టీ
maine,మైన్,మైనే
myne,మైన్,మైనే
mailurayi,మైలురాయి,మైలరాయి
mieluraayi,మైలురాయి,మిలుయారి
miluraayi,మైలురాయి,మిల్యారి
moghalula,మొఘలుల,మొగళుల
moghalulu,మొఘలులు,మొగళులు
moghululu,మొఘలులు,మొగులులు
moolakalu,మొలకలు,మూలకలు
moetae,మోతే,మోటే
moote,మోతే,మూట్
motae,మోతే,మోటే
mote,మోతే,మోట్
moosaginchadam,మోసగించడం,మూసిగించడం
mose,మోసే,మోస్
moseey,మోసే,మోసీ
mosei,మోసే,మోసీ
mosey,మోసే,మోసీ
mat,మ్యాట్,మాట్
matt,మ్యాట్,మాట్
mucous,మ్యూకస్,మ్యూక్స్
mucus,మ్యూకస్,మ్యూక్స్
yajamanulaku,యజమానులకు,యజమనులకు
yadala,యడల,యదాల
yatha,యథా,యాత
yathaa,యథా,యాతా
yamakinkarulu,యమకింకరులు,యమకకింకరరులు
yantrika,యాంత్రిక,యంత్రిక
yaantrikamaina,యాంత్రికమైన,యాత్రంకమైన
yaantrikamiena,యాంత్రికమైన,యాత్తరకమైన
yantrikamaina,యాంత్రికమైన,యంత్రకమైైన
yajamanyam,యాజమాన్యం,యజమన్యం
yaajamaanyaaniki,యాజమాన్యానికి,యాజమన్యానికి
yajamanyaniki,యాజమాన్యానికి,యజమన్యానికి
yaajamaanyaanni,యాజమాన్యాన్ని,యాజమానాన్ని
yaajamanyaanni,యాజమాన్యాన్ని,యాజమయానాన్ని
yajamanyanni,యాజమాన్యాన్ని,యజమానాన్ని
yaajamaanyaalu,యాజమాన్యాలు,యాజమన్యాలు
yajamanyalu,యాజమాన్యాలు,యజమన్యాలు
acid,యాసిడ్,అయికడ్
echchae,యిచ్చే,ఎచ్చే
icche,యిచ్చే,ఇచ్చే
yecche,యిచ్చే,ఏచ్చే
yugandhar,యుగంధర్,యుగాంధర్
yudhalu,యుద్ధాలు,యుద్లు
yuvata,యువత,యువట
yuvataku,యువతకు,యువటకు
yuvatanu,యువతను,యువటను
yuvatulu,యువతులు,యువటులు
your,యువర్,యూర్
youur,యువర్,యూర్
universiteelo,యూనివర్శిటీలో,యూనివర్సిటీలో
universitylo,యూనివర్శిటీలో,యూనివర్సిటీలో
yoonivarsiteelo,యూనివర్శిటీలో,యూనివర్సిటీలో
yehova,యెహోవా,యోహవవ
yehovaa,యెహోవా,ఎహోవా
yetara,యేతర,ఏటరా
yethara,యేతర,ఏతరా
yerpaatu,యేర్పాటు,ఏర్పాటు
yeyrpaatu,యేర్పాటు,ఏర్పాటటు
rangamma,రంగమ్మ,రంగ్మమ
ramdani,రండని,రందాని
randani,రండని,రండాని
rakamagaanu,రకంగానూ,రకామాను
rakamgaanoo,రకంగానూ,రకంగానో
rakanganuu,రకంగానూ,రకంగననూ
rakkallo,రకాల్లో,రక్కాల్లో
raktaheenatha,రక్తహీనత,ర్క్తీనేత
raktahinatha,రక్తహీనత,రక్తినాత
rakthahenatha,రక్తహీనత,ర్రాతెనాత
rakshanagaa,రక్షణగా,రక్షణాగా
rakshanhagaa,రక్షణగా,రక్షణాగా
ragada,రగడ,రాగద
rachanalapy,రచనలపై,రచనలప్
rattaiah,రత్తయ్య,రత్తియా
rattayya,రత్తయ్య,రత్త్యయ
ratthayya,రత్తయ్య,రత్త్యయ
ruber,రబ్బర్,రబ్ర్
ravika,రవిక,రావిక
rashyan,రష్యన్,రాష్యన్
russian,రష్యన్,రుష్యిన్
ruussian,రష్యన్,రూసియన్
rasamaya,రసమయి,రసమయ
rasamayi,రసమయి,రసమాయి
rahasya,రహస్య,రాహస్య
rahasyamgaa,రహస్యంగా,రాహస్యంగా
rahasyanga,రహస్యంగా,రాహస్యంగా
rahasyamu,రహస్యము,రాస్యమము
rahasyamuga,రహస్యముగా,రాహస్యముగా
rahasyamugaa,రహస్యముగా,రాహస్యముగా
rahasyaanni,రహస్యాన్ని,రాస్యాన్ని
rahasyanni,రహస్యాన్ని,రాహస్యాన్ని
rahasyaalanu,రహస్యాలను,రాస్యాలను
rahasyalanu,రహస్యాలను,రాస్యాలను
raajamamdri,రాజమండ్రి,రాజమంద్రి
raajamandri,రాజమండ్రి,రాజమంంద్రి
rajahmundry,రాజమండ్రి,రాజహముంద్రి
rajamandri,రాజమండ్రి,రాజమంంద్రి
raajamamdriki,రాజమండ్రికి,రాజమంద్రికి
raajamandriki,రాజమండ్రికి,రాజాంంద్రికి
rajahmundryki,రాజమండ్రికి,రాజహాంద్రుంిి
rajamandriki,రాజమండ్రికి,రాజాంద్రికి
raajamamdrini,రాజమండ్రిని,రాజాందర్నిి
raajamandrini,రాజమండ్రిని,రాజాంందర్ని
rajahmundryni,రాజమండ్రిని,రాజహాముంద్రీన
rajamandrini,రాజమండ్రిని,రాజాందర్నిి
rajamata,రాజమాత,రజమాత
raajayyanu,రాజయ్యను,రాజయయను
rajayyanu,రాజయ్యను,రాజయయను
raajayyaadu,రాజయ్యాడు,రాజయయయాడు
rajayyaadu,రాజయ్యాడు,రాజయయాడు
rajayyadu,రాజయ్యాడు,రాజయయయాడు
raajyasabha,రాజ్యసభ,రాజ్యాశభ
raajyasabhaku,రాజ్యసభకు,రాజ్యయశాాకు
raajyasabhalo,రాజ్యసభలో,రాజ్యశాబలో
raajayyaniki,రాజ్యానికి,రాజయయానికి
radha,రాధ,రథ
radhatho,రాధతో,రథధతో
radhato,రాధతో,రథథో
raanaa,రానా,రాణా
rana,రానా,రణ
raani,రాని,రాణి
rani,రాని,రణీ
raamaayanam,రామాయణం,రామాయంం
ramayanam,రామాయణం,రామయనం
raamaayanamlo,రామాయణంలో,రామాయంంలో
ramayanamlo,రామాయణంలో,రామయనంలో
rayabaram,రాయబారం,రాయబరం
roy,రాయి,రాయ్
ralla,రాళ్ళ,రాళ్ల
raallato,రాళ్ళతో,రాళ్లతో
rallatho,రాళ్ళతో,రాళ్లతో
rallato,రాళ్ళతో,రాళ్లతో
rallapalli,రాళ్ళపల్లి,రాళ్లపల్లి
ravutho,రావుతో,రవుతో
raasulu,రాశులు,రాసులు
rasulu,రాశులు,రాసులు
raashtramloni,రాష్ట్రంలోని,రాష్ట్రాంలోని
rashtramloni,రాష్ట్రంలోని,రాష్ట్రాలోని
rashtranloni,రాష్ట్రంలోని,రాష్ట్రాలోని
rashtramlone,రాష్ట్రంలోనే,రాష్ట్రాంలోనే
rashtranlone,రాష్ట్రంలోనే,రాష్ట్రాలోనే
raasaaru,రాసారు,రాశారు
rasaru,రాసారు,రాశారు
raasee,రాసి,రాసీ
rahu,రాహు,రహు
recommend,రికమెండ్,రికమెండెం
richa,రిచా,రిచ
resarvation,రిజర్వేషన్,రెస్వరేషన్
reservation,రిజర్వేషన్,రెస్రేవేషన్
rijarvaeshanla,రిజర్వేషన్ల,రిజర్వేశ్షన
rijarveshanla,రిజర్వేషన్ల,రిజర్వేశ్షల
reserve,రిజర్వ్,రిస్వర్
retired,రిటైర్డ్,రిటరరెడ్
retail,రిటైల్,రెటైల్
retel,రిటైల్,రెట్ల్
rudra,రుద్రా,రుద్ర
rudrulaku,రుద్రులకు,రుద్రలకు
rendaella,రెండేళ్ళ,రెండేళ్ల
rendella,రెండేళ్ళ,రెండెళ్ల
rendaellu,రెండేళ్ళు,రెండేళ్లు
rendellu,రెండేళ్ళు,రెండెళ్లు
range,రేంజ్,రంగే
ranje,రేంజ్,రంజె
renge,రేంజ్,రెంజ్
raetlaku,రేట్లకు,రేత్లకు
ratelaku,రేట్లకు,రేతలకు
reetlaku,రేట్లకు,రీత్లకు
ratelanu,రేట్లను,రేతలను
raepati,రేపటి,రేపతి
repati,రేపటి,రేపతి
royyala,రొయ్యల,రోయయ్ల
royyalu,రొయ్యలు,రోయయ్లు
roogalu,రోగాలు,రోగలు
rhodes,రోడ్స్,రోడెస్
roades,రోడ్స్,రోడేస్
roling,రోలింగ్,రాలింగ్
rolling,రోలింగ్,రాలింగ్
rooling,రోలింగ్,రూలింగ్
rallylu,ర్యాలీలు,రాళ్ళు
rallyloo,ర్యాలీలో,రాళ్లలో
ryalilo,ర్యాలీలో,ర్యాలిలో
lucki,లక్కీ,లక్సి
lucky,లక్కీ,లక్సీ
luckyi,లక్కీ,లక్్సీ
lucqy,లక్కీ,లక్సీ
lukky,లక్కీ,లుక్కీ
luucky,లక్కీ,లూక్ీ
lakshaku,లక్షకు,లక్షకకు
lakshanamulanu,లక్షణములను,లక్షణమణులు
lakshanhamulanu,లక్షణములను,లక్షణమణులు
lagu,లగు,లాగు
lagnasdha,లగ్నస్థ,లగ్న్స్
lagnastha,లగ్నస్థ,లగ్నస్్
laantide,లాంటిదే,లాంటిడే
laantidhe,లాంటిదే,లాంటిడే
lantide,లాంటిదే,లంటిడే
laahiri,లాహిరి,లహిరి
lahiri,లాహిరి,లహిరీ
lincoln,లింకన్,లింకలన్
leelaavathi,లీలావతి,లేలవతి
leelaavati,లీలావతి,లేలవాటి
leelavathi,లీలావతి,లేవతతి
lekkalloo,లెక్కల్లో,లెక్కాల్లో
ledane,లేదనే,లేడనే
ledo,లేదో,లేడో
leenatuvamti,లేనటువంటి,లేనతువంటి
lane,లేన్,లానే
layn,లేన్,లయన్
leann,లేన్,లేన్న్
lein,లేన్,లీన్
len,లేన్,లెన్
laogan,లోగాన్,లాగన్
logan,లోగాన్,లోగన్
logen,లోగాన్,లోజిన్
loehit,లోహిత్,లోహిట్
lohit,లోహిత్,లోహిట్
lohiya,లోహియా,లోహియ
laab,ల్యాబ్,లాబ్
lab,ల్యాబ్,లబ్
vamsiyulu,వంశీయులు,వంశియులు
vattidito,వత్తిడితో,వాట్టిితో
vattiditoe,వత్తిడితో,వట్టిడితో
vattiditoo,వత్తిడితో,వట్టిడితో
vattidini,వత్తిడిని,వట్టిడిని
vaddagala,వద్దగల,వద్దగాల
vaddhagala,వద్దగల,వద్దగాల
vaddhannaa,వద్దన్నా,వద్దననా
vaddae,వద్దే,వడ్దే
vaddhe,వద్దే,వడ్దే
vaddhee,వద్దే,వద్దీ
vadha,వధ,వద
vanne,వన్నీ,వన్నే
vannee,వన్నీ,వన్నే
vayasu,వయసు,వయాసు
vayasulonu,వయసులోనూ,వయసులోను
varalakshamma,వరలక్ష్మమ్మ,వరరలక్షమమ
varalakshmamma,వరలక్ష్మమ్మ,వరరలక్ష్మమమ
varalaksmamma,వరలక్ష్మమ్మ,వరలక్షమ్మమమ
varavararaavu,వరవరరావు,వారవరరావు
varavararao,వరవరరావు,వారవరరావు
varasaku,వరసకు,వరససకు
varasaga,వరసగా,వరససగ
varasagaa,వరసగా,వరససగా
vargiikaranhalo,వర్గీకరణలో,వర్గీకరణంలో
vartamanam,వర్తమానం,వర్తమనం
varthamanam,వర్తమానం,వర్తమనం
vartamananiki,వర్తమానానికి,వర్తమనానికి
varthamaanaaniki,వర్తమానానికి,వర్తమనాానికి
varthamananiki,వర్తమానానికి,వర్తమనానికి
vartamaanaalu,వర్తమానాలు,వర్తమమాలు
vartamanalu,వర్తమానాలు,వర్తమనాలు
varthamanalu,వర్తమానాలు,వర్తమనాలు
varshitee,వర్శిటీ,వర్షితే
varsiity,వర్శిటీ,వర్సిటీ
varsiti,వర్శిటీ,వర్సితి
varsity,వర్శిటీ,వర్సితీ
versity,వర్శిటీ,వెర్సిటీ
valachi,వలచి,వలలి
vashishta,వశిష్ట,వశిష్త
vasishta,వశిష్ట,వశిష్త
vasanta,వసంత,వశంత
vasudaeva,వసుదేవ,వాశువేవ
vasudeva,వసుదేవ,వాసువేవ
vasudaevudi,వసుదేవుడి,వాశువేదుడి
vasudevudi,వసుదేవుడి,వాసువేదుడి
vahinchalani,వహించాలని,వహించలలని
vahinchina,వహించినా,వహించిన
vaantulanu,వాంతులను,వాంటులను
vaachmen,వాచ్మెన్,వాచ్ెనెన్
waatchmen,వాచ్మెన్,వా్్టెమెన్
watchmen,వాచ్మెన్,వా్్చెన్
vadiyaa,వాడియా,వడియా
vaadyna,వాడైన,వాద్యన
vadaina,వాడైన,వడైన
vaanni,వాణ్ణి,వాన్ని
vanni,వాణ్ణి,వన్ని
voice,వాయిస్,వైస్
vayistuu,వాయిస్తూ,వైయస్తూ
vaaranasi,వారణాసి,వారణసి
varanasi,వారణాసి,వరణాసి
varanasilo,వారణాసిలో,వరణశిలో
varanasiloo,వారణాసిలో,వరణసిలో
varnasiloo,వారణాసిలో,వర్ణసిలో
vaarasuraaligaa,వారసురాలిగా,వారసులరిగా
varasuraaligaa,వారసురాలిగా,వరసురలలిగా
vaariki,వారికీ,వారికి
waarrior,వారియర్,వార్యూర్
warior,వారియర్,వరియర్
warrior,వారియర్,వర్యూర్
vaartaapathrika,వార్తాపత్రిక,వార్తపర్తిక
vaarthapathrika,వార్తాపత్రిక,వార్తప్రతిక
vaartaapathrikaku,వార్తాపత్రికకు,వార్తప్రతికకు
vaarthapathrikaku,వార్తాపత్రికకు,వార్తప్రతికకు
vaartaapathrikala,వార్తాపత్రికల,వార్తపర్త్రిక
varthapathrikala,వార్తాపత్రికల,వర్తపత్రికాల
vaartaapathrikalu,వార్తాపత్రికలు,వార్తప్రత్కలు
varthapathrikalu,వార్తాపత్రికలు,వర్తపత్రికలు
vaasudeeva,వాసుదేవ,వాసువేవ
vaasudhevaraavu,వాసుదేవరావు,వాశుదేవరావు
vasudevarao,వాసుదేవరావు,వాసుదేవావు
vintu,వింటూ,వింటు
vikalaangula,వికలాంగుల,వికాలంగుల
vikalangula,వికలాంగుల,వికాలంగు
vikalaangulu,వికలాంగులు,వికాలంగులు
vikalangulu,వికలాంగులు,వికాలంగులు
vikalaangulaina,వికలాంగులైన,వికాలగుంలన
vikalaanguliena,వికలాంగులైన,వికాలగుంలనన
vikalangulaina,వికలాంగులైన,వికలాగులైన
vikeendreekaranha,వికేంద్రీకరణ,వికక్రేేశరరణ
vikendrikarana,వికేంద్రీకరణ,వికేంక్రీరణ
vecky,విక్కీ,వెక్సీ
vicqy,విక్కీ,విక్ీ
vikkee,విక్కీ,విక్కే
vikki,విక్కీ,విక్కి
wicky,విక్కీ,విక్ీ
victoria,విక్టోరియా,విక్టిరియా
viktoriya,విక్టోరియా,విక్టోరియ
vijayala,విజయాల,విజయల
vijay,విజయ్,విజే
whistle,విజిల్,విస్ట్
vithanam,విత్తనం,వితనం
vithananni,విత్తనాన్ని,వితానాన్ని
vittannanni,విత్తనాన్ని,విత్తనాాన్ని
vidhyaardhinii,విద్యార్థినీ,విద్యార్థిని
vidyarthini,విద్యార్థినీ,విద్యార్థిని
vidyaardhigaa,విద్యార్ధిగా,విద్యార్థిగా
vidyardhiga,విద్యార్ధిగా,విద్యార్థిగా
vidyarthiga,విద్యార్ధిగా,విద్యార్థిగా
vidyaardhini,విద్యార్ధిని,విద్యార్థిని
vidyardhini,విద్యార్ధిని,విద్యార్థిని
vidyarthini,విద్యార్ధిని,విద్యార్థిని
vidhvamsudu,విద్వాంసుడు,విధ్వసండు
vidvaamsudu,విద్వాంసుడు,విద్వాసందు
vidvaansudu,విద్వాంసుడు,విద్వాస్నుడు
vidvamsudu,విద్వాంసుడు,విద్వసంసుడు
vidhala,విధాలా,విధాల
vinaayakudu,వినాయకుడి,వినాయకుడు
vinayakudi,వినాయకుడి,వినయకుడి
vinayak,వినాయక్,వినయాక్
vinaasanam,వినాశనం,వినాసనం
vinaashanam,వినాశనం,వినానశం
vinasanam,వినాశనం,వినాసనం
vinikidi,వినికిడి,వినికిది
vinoba,వినోబా,వినబో
vinyasanlo,విన్యాసంలో,విన్యాస్లో
vinyaasalanu,విన్యాసాలను,విన్యాశాలను
vinyasaalanu,విన్యాసాలను,విన్యాశాలను
vinyasalanu,విన్యాసాలను,విన్యాశాలను
vibhoodi,విభూది,విభూడి
vibhudi,విభూది,విభూడి
viraalaala,విరాళాల,విరాలాల
viraalaalanu,విరాళాలను,విరాలలను
viraalaalu,విరాళాలు,విరాలాలు
vivaranala,వివరణల,వివరణాల
vivaranhala,వివరణల,వివరణాల
vivaranhalatoe,వివరణలతో,వివరణాలతో
vivaranalu,వివరణలు,వివరణాలు
vivaranhalu,వివరణలు,వివరణాలు
vishishta,విశిష్ఠ,విశిష్ట
visishta,విశిష్ఠ,విశిష్ట
vishvadaanhiraama,విశ్వదాభిరామ,విశ్వాదారమణ
vishwadhaabhiraama,విశ్వదాభిరామ,విశ్వాభాదీరా
viswadaabhiraama,విశ్వదాభిరామ,విశ్వాద్భారమ
vishvasaniiya,విశ్వసనీయ,విశ్వసాయియ
viswasaniiya,విశ్వసనీయ,విశ్వసానీయ
vishvasaniiyanga,విశ్వసనీయంగా,విశ్వాసియింగా
vishwasaneeyangaa,విశ్వసనీయంగా,విశ్వాసనేంగా
viswasaniiyamgaa,విశ్వసనీయంగా,విశ్వాసియేంగా
vishvasaniiyata,విశ్వసనీయత,విశ్వాసైనీ
vishwasaneeyatha,విశ్వసనీయత,విశ్వసానీష
visvasaniiyata,విశ్వసనీయత,విశ్వాసైసై
viswasaniiyata,విశ్వసనీయత,విశ్వాసైనీయ
vishvaasaalaku,విశ్వాసాలకు,విశ్వాశాలకు
vishwaasaalanu,విశ్వాసాలను,విశ్వాశలను
vishapooritha,విషపూరిత,విశపరూతి
vishapuritha,విషపూరిత,విశపరుతి
vishapuuritha,విషపూరిత,విశపూరిత
vishnuh,విష్ణుః,విష్ణు
vishnuhu,విష్ణుః,విష్ణు
whiiskey,విస్కీ,విస్కే
whiskey,విస్కీ,విస్కే
vistharimpa,విస్తరింప,విస్తిరంప
veeriddarinee,వీరిద్దరినీ,వీరిద్దిరనీ
viiriddarinii,వీరిద్దరినీ,వీరిద్దరనిి
vear,వీర్,వేర్
weavar,వీవర్,వేవర్
weaver,వీవర్,వేవర్
wever,వీవర్,వెవర్
vumtaayi,వుంటాయి,ఉంటాయి
vootam,వూతం,వూటం
vuutam,వూతం,ఊటం
vruthakara,వృత్తాకార,వృతకరర
vrutthaakaara,వృత్తాకార,వృత్తకార
vrutthakara,వృత్తాకార,వృత్తకర
vruthakaramlo,వృత్తాకారంలో,వృతకరాంంలో
vrutthaakaaramloo,వృత్తాకారంలో,వృత్తకారంంలో
vrutthakaramlo,వృత్తాకారంలో,వృత్తకరరంలో
vennumuka,వెన్నుముక,వెన్నుమెక
veluparinchina,వెలువరించిన,వెలుపరించిన
velhtundagaa,వెళ్తుండగా,వెళ్తుండాగ
veltundaga,వెళ్తుండగా,వెల్తుండా
vellaka,వెళ్ళాక,వెళ్ళక
vaenkatasaastri,వేంకటశాస్త్రి,వేంటకాస్త్రి
venkatasastri,వేంకటశాస్త్రి,వెంకటాస్్్రి
venkatashastri,వేంకటశాస్త్రి,వెంకటాశ్స్్రి
veek,వేక్,వీక్
vek,వేక్,వెక్
wake,వేక్,వాక్
wek,వేక్,వెక్
weyk,వేక్,వెక్
vetanam,వేతనం,వేటనం
vain,వేన్,వైన్
vaine,వేన్,వైన్
vane,వేన్,వానే
vein,వేన్,వీయన్
wane,వేన్,వానే
wayne,వేన్,వైనే
wen,వేన్,వెన్
verlanu,వేర్లను,వెర్లను
vesaaraa,వేసారా,వేసార
vesara,వేసారా,వేశా
vaysaru,వేసారు,వేసరు
vesaru,వేసారు,వేశారు
vaijayamtii,వైజయంతీ,వైయజంతి
vaijayantee,వైజయంతీ,వైజయంతే
vaijayanti,వైజయంతీ,వైజయంతి
vaijayantii,వైజయంతీ,వైయజంతి
vyjayantii,వైజయంతీ,వైజయంతి
vaivaswata,వైవస్వత,వైవస్వా
vaivaswatha,వైవస్వత,వైవ్వస్థ
viavasvatha,వైవస్వత,వివాస్వత
vyvaswatha,వైవస్వత,వ్యవస్థ
votti,వొట్టి,ఓట్టి
vyathyasam,వ్యత్యాసం,వ్యయ్థసం
vyatyaasam,వ్యత్యాసం,వ్యయాస్థం
vyatyasam,వ్యత్యాసం,వ్యాస్యాం
vyatyaasaalanu,వ్యత్యాసాలను,వ్యయ్సాాలను
vyatyasalanu,వ్యత్యాసాలను,వ్యయ్థాలను
vyatyaasaalu,వ్యత్యాసాలు,వ్యయ్సాాలు
vyatyasalu,వ్యత్యాసాలు,వ్యయ్సాలు
vyasanamga,వ్యసనంగా,వ్యసానంగా
vyasanamgaa,వ్యసనంగా,వ్యసానంగా
vyasanaanni,వ్యసనాన్ని,వ్యసానాన్ని
vyasananni,వ్యసనాన్ని,వ్యాసనాన్ని
van,వ్యాన్,వాన్
vraasaaru,వ్రాసారు,వ్రాశారు
vrelaade,వ్రేలాడే,వ్రెలాడే
sabari,శబరి,సబరి
shabari,శబరి,శాబరి
sabdam,శబ్దం,సబ్దం
sarat,శరత్,సరత్
sharat,శరత్,షరర్
sareeramloni,శరీరంలోని,శరీరాలోని
sariramlooni,శరీరంలోని,శరిరంలోని
shashi,శశి,శషి
sastrachikitsanu,శస్త్రచికిత్సను,శాస్తరిక్చితను
shasthrachikithsanu,శస్త్రచికిత్సను,శాస్తిరిక్షతను
shastrachikitsanu,శస్త్రచికిత్సను,శాస్త్రిక్షితను
shstrachikitsanu,శస్త్రచికిత్సను,శ్స్టారిక్షితను
sastrachikitsalu,శస్త్రచికిత్సలు,శాస్తరికిక్షతులు
shasthrachikithsalu,శస్త్రచికిత్సలు,శాస్తారిక్చితలు
shastrachikitsalu,శస్త్రచికిత్సలు,శాస్తారిక్షిత్లు
shstrachikitsalu,శస్త్రచికిత్సలు,శ్సాట్రికిక్తలు
sastrachikitsaloe,శస్త్రచికిత్సలో,శాస్త్రికిక్తలో
shasthrachikithsalo,శస్త్రచికిత్సలో,శాస్త్రికిక్తలో
shastrachikitsalo,శస్త్రచికిత్సలో,శాస్త్రికిక్తలో
shstrachikitsalo,శస్త్రచికిత్సలో,శ్స్టారిక్షితలో
sastravetta,శాస్త్రవేత్త,శాస్తవేవెత్త
shaastraveettha,శాస్త్రవేత్త,శాస్త్రేత్తత
shaastravetta,శాస్త్రవేత్త,శాస్త్రేత్తత
sastravettagaa,శాస్త్రవేత్తగా,శాస్త్వేత్తగా
shaasthravetthagaa,శాస్త్రవేత్తగా,శాశ్త్రేవత్తగా
shaastraveetthagaa,శాస్త్రవేత్తగా,శాశ్త్రేవత్తగా
shaastravettagaa,శాస్త్రవేత్తగా,శాశ్త్రేత్తతగా
saastravettalatoo,శాస్త్రవేత్తలతో,శాశ్త్వేత్తతలో
shaasthravetthalatho,శాస్త్రవేత్తలతో,శాస్త్వేత్తతతో
shaastraveetthalathoo,శాస్త్రవేత్తలతో,శాశ్త్వీత్తతతో
shaastravettalato,శాస్త్రవేత్తలతో,శాశ్త్వేత్తతతో
sastravettalu,శాస్త్రవేత్తలు,శాస్తవర్తెతులు
shaasthravetthalu,శాస్త్రవేత్తలు,శాస్త్వర్తెతుల
shaastraveetthalu,శాస్త్రవేత్తలు,శాస్త్వీత్తులు
shaastravettalu,శాస్త్రవేత్తలు,శాస్త్వేత్తులు
shiksanaa,శిక్షణా,శిక్షనా
sikshnhaa,శిక్షణా,శిక్ష్ణా
shirasa,శిరసా,శిరస
sirasaa,శిరసా,సిరసా
shilaayugam,శిలాయుగం,శిలాయగం
silaayugam,శిలాయుగం,సిలాయుగం
shileendraalu,శిలీంద్రాలు,శిలేంద్రాలు
sileendraalu,శిలీంద్రాలు,శిలింద్రాలు
siliimdraalu,శిలీంద్రాలు,శిలింద్రాలు
siliindraalu,శిలీంద్రాలు,శిలింద్రాలు
shivasenaku,శివసేనకు,శివేసనకు
sivasaenaku,శివసేనకు,శివేశనకు
sivasenaku,శివసేనకు,శివేసనకు
shivunipai,శివునిపై,శివునపైప
siinu,శీను,సీను
sinu,శీను,సిను
shirshika,శీర్షిక,శిర్షిక
sirshika,శీర్షిక,శిర్షిక
shirshikaku,శీర్షికకు,శిర్షికకు
sirshikaku,శీర్షికకు,శిర్షికకు
shirshikatho,శీర్షికతో,శిర్షకితో
sirshikato,శీర్షికతో,శిర్షకితో
sheershikana,శీర్షికన,శీర్షికణ
shirshikana,శీర్షికన,శిర్షికణ
sirshkana,శీర్షికన,శిర్ష్ణ
shirshikanu,శీర్షికను,శిర్షికను
sirshikanu,శీర్షికను,శిర్షికను
shirshikalo,శీర్షికలో,శిర్షికలో
sirshikalo,శీర్షికలో,శిర్షికలో
shuddi,శుద్ధి,శుద్ది
suddhi,శుద్ధి,సుద్ధి
shuddiga,శుద్ధిగా,శుద్దిగా
suddhiga,శుద్ధిగా,సుద్ధిగా
suura,శూర,సూర
saekhara,శేఖర,సేఖర
shesayya,శేషయ్య,శేయ్యయ
soobha,శోభ,సోభ
shobhan,శోభన్,శోభాన్
sobhan,శోభన్,శోభాన్
shourya,శౌర్య,శోర్య
shmashaanavaatika,శ్మశానవాటిక,స్శమానవాతిక
shmashanavatika,శ్మశానవాటిక,స్మశానవితక
shmashaanavaatikalo,శ్మశానవాటికలో,స్శమానవాాికలో
shmashanavatikalo,శ్మశానవాటికలో,స్శమానవితకలో
shyamala,శ్యామల,శ్యమల
shreemahavishnuvu,శ్రీమహావిష్ణువు,శ్రీమవేహ్ష్వును
srimahavishnuvu,శ్రీమహావిష్ణువు,శ్రీమవిశ్వుణుు
shruthi,శ్రుతి,శృతి
sruthi,శ్రుతి,సృతి
sruti,శ్రుతి,శృతి
shreyobhilaashi,శ్రేయోభిలాషి,శ్రియోభాలిసి
sreyobhilaashi,శ్రేయోభిలాషి,శ్రియోబాలిసి
sroeyoebhilaashi,శ్రేయోభిలాషి,స్రోోభీసాలి
shabbir,షబ్బీర్,శబబ్రి
shubbir,షబ్బీర్,శుబ్బిర్
sharbat,షర్బత్,శర్బాత్
sherbet,షర్బత్,శెర్బెట్
shrbath,షర్బత్,శ్రభ్త్
sheley,షెల్లీ,శెలీ
shellee,షెల్లీ,శెల్లీ
shellei,షెల్లీ,శెల్లీ
shelley,షెల్లీ,శెల్లీ
shelli,షెల్లీ,శెల్లి
shelly,షెల్లీ,శెల్లీ
shely,షెల్లీ,శెల్ీ
shaeru,షేరు,శేరు
sharu,షేరు,శరు
sheru,షేరు,శేరు
sankshobha,సంక్షోభ,సంక్షబో
sankshoebha,సంక్షోభ,సంక్షభభ
sankshobhaaniki,సంక్షోభానికి,సంక్భభాానికి
sankshobhaniki,సంక్షోభానికి,సంక్షభాానికి
sankshoebhaaniki,సంక్షోభానికి,సంంకభభానికి
sankshobhaanni,సంక్షోభాన్ని,సంక్భభాన్ని
sankshobhanni,సంక్షోభాన్ని,సంక్షభోన్ని
sankshoebhaanni,సంక్షోభాన్ని,సంంభక్షాన్ని
santhushtudai,సంతుష్టుడై,సంతృషుత్డి
santhustudai,సంతుష్టుడై,సంతుస్తుడి
sandhaana,సంధాన,సందాన
sandhana,సంధాన,సందన
sampadana,సంపాదన,సంపదన
samputalu,సంపుటాలు,సంపుటలు
sampuutaalu,సంపుటాలు,సంపుతాలు
samrakshinchadaaniki,సంరక్షించడానికి,సంర్కించిడానికి
samrakshinchadaniki,సంరక్షించడానికి,సంర్కించిడానికి
samrakshinchabadina,సంరక్షించబడిన,సంర్శకించబినది
samrakshinche,సంరక్షించే,సంర్క్షించే
samrakshinchee,సంరక్షించే,సంర్క్షించే
samsad,సంసద్,సంసాద్
samsadh,సంసద్,సంస్ధ్
sakramamga,సక్రమంగా,శక్రమమంగా
sakramamgaa,సక్రమంగా,శక్రమమంగా
sakramaina,సక్రమమైన,శక్రమమైన
sakramamaina,సక్రమమైన,శక్రమమమైన
success,సక్సెస్,స్యక్స్స్
successes,సక్సెస్,సుక్్స్స్
sukcess,సక్సెస్,సుక్క్స్
sakhee,సఖీ,సాఖీ
sakhi,సఖీ,శాఖి
sagamlo,సగంలో,సాగంలో
sachivaalayam,సచివాలయం,సచివచాయం
satyamoorti,సత్యమూర్తి,సాత్యమూర్తి
sathyaagraha,సత్యాగ్రహ,సత్యాగ్ర
satyaagraha,సత్యాగ్రహ,సత్యాగ్ర
satyagraha,సత్యాగ్రహ,సత్యగ్రర
setyagraha,సత్యాగ్రహ,సెత్యగ్రర
satyagraham,సత్యాగ్రహం,సత్యగ్రహం
satyaagrahanni,సత్యాగ్రహాన్ని,సత్యాగ్రాన్ని
satyagrahanni,సత్యాగ్రహాన్ని,సాత్యగ్రాన్ని
satyaanne,సత్యాన్ని,సత్యాన్నే
sadhaanamdha,సదానంద,సాధనంంద
sadhaanandha,సదానంద,సాధనంంద
sannahalu,సన్నాహాలు,సన్నహాలు
sanniveesha,సన్నివేశ,సన్నివేష
sanniveeshamthoo,సన్నివేశంతో,సన్నవిశేంతో
sannivesamto,సన్నివేశంతో,సన్నవిసేంతో
sanniveshamto,సన్నివేశంతో,సన్నవిేశంతో
sabhalanu,సభలను,సభలలను
samakurchadu,సమకూర్చాడు,సమకర్చుదు
samkurchindi,సమకూర్చింది,సంకృరించింది
samarpanalu,సమర్పణలు,సమర్పనలు
samaacharamlo,సమాచారంలో,సమాచరంలో
samadhula,సమాధుల,సమధధుల
samadhulanu,సమాధులను,సమధధులను
samasa,సమాస,సమా
samithiki,సమితికి,సమాితికి
samitiki,సమితికి,సమీతికి
samithini,సమితిని,సమీతిని
samitini,సమితిని,సమీతిని
samithiloo,సమితిలో,సమీతిలో
samitilo,సమితిలో,సమీతిలో
samudayaniki,సముదాయానికి,సముయాానికి
samudaayaala,సముదాయాల,సముదయాల
samudayala,సముదాయాల,సముదయాల
samudaayaalaku,సముదాయాలకు,సముదయాలకు
samudaayaalu,సముదాయాలు,సముదయాలు
saamuraai,సమురాయ్,సామురాయి
samuraam,సమురాయ్,సమూరాం
samuraay,సమురాయ్,సమూరాయ
samurai,సమురాయ్,సమూరై
samuroy,సమురాయ్,సమూరయూ
saralamga,సరళంగా,సరలంగా
saralamgaa,సరళంగా,సరలంగా
saralangaa,సరళంగా,సరలంగా
saralata,సరళత,సరలత
saralatha,సరళత,సరలత
saralamaina,సరళమైన,సరలమైన
saraasari,సరాసరి,సరసారి
sarasari,సరాసరి,సరసరి
saripada,సరిపడ,సరిపద
saripadani,సరిపడని,సరిపడాని
sarjari,సర్జరీ,సర్రాజీ
surgary,సర్జరీ,సుర్గరీ
surgeri,సర్జరీ,సుర్గీర
surgery,సర్జరీ,సుర్గీీ
surjery,సర్జరీ,సురజరీ
suurgery,సర్జరీ,సూర్గీ
sarpanchigaa,సర్పంచిగా,సర్పరింగా
sarvumunu,సర్వమును,సర్వుమును
sarvices,సర్వీసెస్,సర్విస్స్
services,సర్వీసెస్,సర్వీస్స్
serviices,సర్వీసెస్,సర్వీస్స్
sarvothama,సర్వోత్తమ,సర్వోతమ
songs,సాంగ్స్,సంగిస్
sanghika,సాంఘిక,సంఘిక
sanghikamgaa,సాంఘికంగా,సంఘింకగా
saanthvana,సాంత్వన,శాంత్వన
saantvana,సాంత్వన,శాంత్వన
saatwana,సాంత్వన,శాత్వన
santhvana,సాంత్వన,సంత్వన
santvana,సాంత్వన,సంత్వన
samudrikam,సాముద్రికం,సముద్రికం
sam,సామ్,సం
saaradhigaa,సారథిగా,సారధిగా
saarathigaa,సారథిగా,సారతిగా
saaeadhyamloe,సారధ్యంలో,సాధీయంలో
saaradhyamloo,సారధ్యంలో,సార్ధయంలో
saare,సారె,సారే
salid,సాలిడ్,సలిడ్
solid,సాలిడ్,సోలిడ్
saavadhaanamgaa,సావధానంగా,సవాధననంగా
saavadhaanangaa,సావధానంగా,సవాధననంగా
saaucer,సాసర్,సాయూర్
saucar,సాసర్,సౌకర్
saucer,సాసర్,సయూకర్
sauucer,సాసర్,సూరర్
saahasi,సాహసి,సాసి
simgana,సింగన,సింగాన
sidhu,సింగ్,సిదు
sikander,సికిందర్,సికండరర్
sikindar,సికిందర్,సికిండర్
siddhaamtamunu,సిద్ధాంతమును,సిద్ధామతమును
sira,సిరా,శిర
siraa,సిరా,శిరా
seejanlo,సీజన్లో,సీజనలో
siijanloo,సీజన్లో,సీజనలో
sijanlo,సీజన్లో,సిజన్లో
seethaaraamayya,సీతారామయ్య,సీతారమాయ్య
siitaramayya,సీతారామయ్య,సీతరమమ్య
sitaramaya,సీతారామయ్య,సితరమమయ
suprabhatha,సుప్రభాత,సుప్రభభత
subbanna,సుబ్బన్న,సుబ్బ్న్
subbaraaju,సుబ్బరాజు,సుబ్రాాబు
subbaraju,సుబ్బరాజు,సుబ్బాజు
subbaaraavugaaru,సుబ్బారావుగారు,సుబ్బారావారు
subbaaraavuni,సుబ్బారావుని,సుబ్బరావుని
subbaaravyni,సుబ్బారావుని,సుబ్బరాయిని
suraes,సురేశ్,సురేస్
suresh,సురేశ్,సర్షే్
sultaanula,సుల్తానుల,సుల్తాలు
sulthanula,సుల్తానుల,సుల్తునల
sultaanulu,సుల్తానులు,సుల్తాలుు
sulthanulu,సుల్తానులు,సుల్తనులు
suhaasini,సుహాసిని,సుసాహిని
sookti,సూక్తి,సోక్టి
suukthi,సూక్తి,సుక్తి
suukti,సూక్తి,సుక్తి
sooryanaaraayana,సూర్యనారాయణ,సూర్యారాయాణ
suryanaaraayana,సూర్యనారాయణ,సూర్యాయారణణ
suryanarayana,సూర్యనారాయణ,సూర్యయరణాణ
suuryanaaraayanha,సూర్యనారాయణ,సూర్యాయరణాయ
september,సెప్టెంబర్,సెప్టింబర్
sekrinchaaru,సేకరించారు,సెక్రించారు
sane,సేన్,సనే
seen,సేన్,సీన్
sen,సేన్,సెన్
sevalandinche,సేవలందించే,సేవలంంచిందే
cycle,సైకిల్,సైక్
cykil,సైకిల్,క్యిక్
cykle,సైకిల్,కైక్ల్
cyqil,సైకిల్,క్యిక్
cyqle,సైకిల్,కైక్
sekil,సైకిల్,సెకిల్
cycles,సైకిల్స్,సైక్స్
sainas,సైనస్,సైనాస్
sinas,సైనస్,సినాస్
sinus,సైనస్,సిన్స్
sianyalaku,సైన్యాలకు,సిన్యాలకు
sienyaalatoo,సైన్యాలతో,సిన్యాలతో
sienyaalanu,సైన్యాలను,సిన్యాలను
sop,సోప్,సాప్
somavaram,సోమవారం,సోమవరం
soomavaaram,సోమవారం,సూమవారం
somavaramu,సోమవారము,సమోవరము
soomavaaramu,సోమవారము,సూమవారము
social,సోషల్,సోకియల్
southaafricaa,సౌతాఫ్రికా,సౌతార్ఫికా
southafrica,సౌతాఫ్రికా,సౌత్రారిక
staatistics,స్టాటిస్టిక్స్,స్టాటిసిసిక్స్
staitistics,స్టాటిస్టిక్స్,స్టటిటిసిస్ట్స్
statistics,స్టాటిస్టిక్స్,స్టటిసిసిక్స్
stetistics,స్టాటిస్టిక్స్,స్టటిస్టిస్స్
staanlee,స్టాన్లీ,స్థాన్లే
staanlii,స్టాన్లీ,స్థాన్లీ
stanlee,స్టాన్లీ,స్థాన్లే
stanley,స్టాన్లీ,స్టానీల
stoodents,స్టూడెంట్స్,స్టోడెంట్స్
students,స్టూడెంట్స్,స్టడెంట్స్్
stuudents,స్టూడెంట్స్,స్టడెంట్స్్
staem,స్టెమ్,స్టేం
stem,స్టెమ్,స్టెం
staraid,స్టెరాయిడ్,స్టారైడ్
starayid,స్టెరాయిడ్,స్టారయిడ్
staroid,స్టెరాయిడ్,స్టారోడిడ్
steraaid,స్టెరాయిడ్,స్ట్రేయిడ్
steraid,స్టెరాయిడ్,స్టీరియడ్
sterayid,స్టెరాయిడ్,స్టేరియిడ్
steroid,స్టెరాయిడ్,స్టోరియడ్
states,స్టేట్స్,స్టటేస్
stets,స్టేట్స్,స్టట్స్
strokes,స్ట్రోక్స్,స్టర్కోస్
sthree,స్త్రీ,స్్టీర
stree,స్త్రీ,స్ట్రీ
stri,స్త్రీ,స్ట్రీ
streeki,స్త్రీకి,స్ట్రీకి
striki,స్త్రీకి,స్ట్రికి
strilantha,స్త్రీలంతా,స్్టరరిలంత
sthirapaddaru,స్థిరపడ్డారు,స్థిపర్డారు
slooveeniyaa,స్లోవేనియా,స్లోవేయినా
sloveenia,స్లోవేనియా,స్లోవీయిా
slovenia,స్లోవేనియా,స్లోవేయియా
sloveniyaa,స్లోవేనియా,స్లోవేినాయ
svargamla,స్వర్గంలా,స్వర్గంల
svargamlaa,స్వర్గంలా,స్వర్గమలా
svasthalaalaku,స్వస్థలాలకు,స్వస్థాలలకు
swaasdhalaalaku,స్వస్థలాలకు,స్వాశ్లాలకు
swastalaalaku,స్వస్థలాలకు,స్వస్తాలలకు
swaatantrya,స్వాతంత్య్ర,స్వాంత్ర్్య
swaatantyra,స్వాతంత్య్ర,స్వాంత్ర్్
swaathamthram,స్వాతంత్య్ర,స్వాతంత్రం
swaatamtyram,స్వాతంత్య్రం,స్వాతంత్రయం
swaatantryam,స్వాతంత్య్రం,స్వాతంత్రయయం
swaathamthrayam,స్వాతంత్య్రం,స్వాతంత్రయంం
svatantryodyama,స్వాతంత్ర్యోద్యమ,స్వాతంత్్్యయయయమ
swatamtryoedyama,స్వాతంత్ర్యోద్యమ,స్వాతంత్్్యోయమయ
swatantrypdyama,స్వాతంత్ర్యోద్యమ,స్వాతంత్్ర్య్యం
haj,హజ్,హాజ్
hajj,హజ్,హజ్జ్
hazz,హజ్,హజ్జ్
halwa,హల్వా,హాల్
halwaa,హల్వా,హాల్వా
haarmoonula,హార్మోనుల,హార్ముులల
harmonula,హార్మోనుల,హార్మునలల
hormonula,హార్మోనుల,హోర్మునల
hastal,హాస్టల్,హస్ట్ల్
hostel,హాస్టల్,హోస్టెల్
heatar,హీటర్,హేటర్
heater,హీటర్,హేయరర్
haroin,హీరోయిన్,హారోన్
haroine,హీరోయిన్,హారోనే
heroiin,హీరోయిన్,హెరోయిన్
heroiine,హీరోయిన్,హెరోయన్
heroin,హీరోయిన్,హెరోయన్
heroine,హీరోయిన్,హెరోనియ్
hiiroiine,హీరోయిన్,హైరోయన్
hiroine,హీరోయిన్,హిరోనే
henri,హెన్రీ,హెంరీ
henrii,హెన్రీ,హెం్రీ
henry,హెన్రీ,హెం్రీ
helicoptar,హెలికాప్టర్,హెలికప్టర్్
helicopter,హెలికాప్టర్,హెలికప్టర్్
helikaaptar,హెలికాప్టర్,హెలికపాట్ర్
helikopter,హెలికాప్టర్,హెలికొప్టర్
hetuvulu,హేతువులు,హెతువులు
haidarabadi,హైదరాబాదీ,హైదరాబది
hydaraabaadii,హైదరాబాదీ,హైదరాబాది
hyderaabaadee,హైదరాబాదీ,హైదరాబాదే
hyderabadi,హైదరాబాదీ,హైదరబాది
haiskoolulo,హైస్కూలులో,హైస్కులలో
haiskululo,హైస్కూలులో,హైస్కుులలో
highschoolulo,హైస్కూలులో,హైస్షులో
