Source,Target,Attention,Plain
varthamaanaaniki,వర్తమానానికి,వర్తమానానికి,వర్తమనాానికి
hydaraabaadii,హైదరాబాదీ,హైదరాబాదీ,హైదరాబాది
bocq,బాక్,బాక్,బాక్్
ksheytraanni,క్షేత్రాన్ని,క్షేత్రాన్ని,క్షేయత్రాన్ని
samudaayaala,సముదాయాల,సముదాయాల,సముదయాల
vasudaeva,వసుదేవ,వసుదేవ,వాశువేవ
vyathyasam,వ్యత్యాసం,వ్యత్యాసం,వ్యయ్థసం
sadhaanandha,సదానంద,సదానంద,సాధనంంద
bhulokamulo,భూలోకములో,భూలోకములో,భూలకోములో
raajayyanu,రాజయ్యను,రాజయ్యను,రాజయయను
lakshanhamulanu,లక్షణములను,లక్షణములను,లక్షణమణులు
shaastravettalato,శాస్త్రవేత్తలతో,శాస్త్రవేత్తలతో,శాశ్త్వేత్తతతో
bhavanaalanu,భవనాలను,భవనాలను,భవవనాలు
godhumalanu,గోధుమలను,గోధుమలను,గొడుమలను
mahalaya,మహాలయ,మహాలయ,మహలయ
kay,కే,కే,కే్
samrakshinchee,సంరక్షించే,సంరక్షించే,సంర్క్షించే
leelaavati,లీలావతి,లీలావతి,లేలవాటి
jaatiiyoodyamam,జాతీయోద్యమం,జాతీయోద్యమం,జాతీయయోద్యం
dattaatreyudu,దత్తాత్రేయుడు,దత్తాత్రేయుడు,దట్ట్రాయ్యుడు
kavayitrigaa,కవయిత్రిగా,కవయిత్రిగా,కాయవీత్రిగా
prakatanalaku,ప్రకటనలకు,ప్రకటనలకు,ప్రకటనాలకు
dhanunjaya,ధనుంజయ,ధనుంజయ,దనుంజయ
peal,పీల్,పీల్,పేల్
falitam,ఫలితం,ఫలితం,ఫలిటం
anoo,అనో,అనో,అనూ
nimushalaku,నిముషాలకు,నిముషాలకు,నిముషలకు
jaateeyoodyamaaniki,జాతీయోద్యమానికి,జాతీయోద్యమానికి,జాతీయోద్యానికి
kichan,కిచన్,కిచన్,కిచాన్
satyaagrahanni,సత్యాగ్రహాన్ని,సత్యాగ్రహాన్ని,సత్యాగ్రాన్ని
punthalu,పుంతలు,పుంతలు,పుంటలు
bhuuloekamloe,భూలోకంలో,భూలోకంలో,భూలకోంలో
samithiki,సమితికి,సమితికి,సమాితికి
vasanta,వసంత,వసంత,వశంత
mahaanubhaavudu,మహానుభావుడు,మహానుభావుడు,మహాహుబావాుు
mahadevi,మహాదేవి,మహాదేవి,మహదేవి
emante,ఏమంటే,ఏమంటే,ఎమంటే
praatipadikagaa,ప్రాతిపదికగా,ప్రాతిపదికగా,ప్రతిపాదికగా
anyaapadesamga,అన్యాపదేశంగా,అన్యాపదేశంగా,అన్యాయేశండంగా
muslimlu,ముస్లింలు,ముస్లింలు,ముస్లిమ్లు
shaastravettagaa,శాస్త్రవేత్తగా,శాస్త్రవేత్తగా,శాశ్త్రేత్తతగా
telamgaanham,తెలంగాణం,తెలంగాణం,తెలగంగణం
neekorika,నీకోరిక,నీకోరిక,నేకోరిక
jaanapadham,జానపదం,జానపదం,జనపాంద
vrutthaakaaramloo,వృత్తాకారంలో,వృత్తాకారంలో,వృత్తకారంంలో
rahasyalanu,రహస్యాలను,రహస్యాలను,రాస్యాలను
travel,ట్రావెల్,ట్రావెల్,ట్రవెల్
daanube,డానుబే,డానుబే,దానుబ్
gowtamudu,గౌతముడు,గౌతముడు,గౌతుముు
rahasyaanni,రహస్యాన్ని,రహస్యాన్ని,రాస్యాన్ని
nallapareddi,నల్లపరెడ్డి,నల్లపరెడ్డి,నల్లపెర్డడి
ticket,టికెట్,టికెట్,టికక్ట్
mahatthara,మహత్తర,మహత్తర,మహతత్ర
punaruddharinchee,పునరుద్ధరించే,పునరుద్ధరించే,పునరుద్రించేరే
aamdhra,ఆంధ్ర,ఆంధ్ర,ఆంద్ర
charaachara,చరాచర,చరాచర,చరచార
turumu,తురుము,తురుము,తురము
kuuragayalanu,కూరగాయలను,కూరగాయలను,కూరగయాలను
dattaatraeya,దత్తాత్రేయ,దత్తాత్రేయ,దట్ట్రాయే
maaruteeravu,మారుతీరావు,మారుతీరావు,మాారుతేవాు
vikalaanguliena,వికలాంగులైన,వికలాంగులైన,వికాలగుంలనన
sankshoebha,సంక్షోభ,సంక్షోభ,సంక్షభభ
khaidee,ఖైదీ,ఖైదీ,ఖైడీ
bhoolookamloo,భూలోకంలో,భూలోకంలో,భూలకంలో
yaantrikamiena,యాంత్రికమైన,యాంత్రికమైన,యాత్తరకమైన
kalyaanam,కల్యాణం,కల్యాణం,కళ్యానం
podhupugaa,పొదుపుగా,పొదుపుగా,పొదుుగా
jaanapada,జానపద,జానపద,జనపాడ
marchalani,మార్చాలని,మార్చాలని,మర్చలలని
uparithalaaniki,ఉపరితలానికి,ఉపరితలానికి,పూరితాలనికి
leelaavathi,లీలావతి,లీలావతి,లేలవతి
aasaya,ఆశయ,ఆశయ,ఆసయ
boodhinchindi,బోధించింది,బోధించింది,బూధించింది
prathibimbinchee,ప్రతిబింబించే,ప్రతిబింబించే,ప్రతిబింంచింే
amaayakapu,అమాయకపు,అమాయకపు,అమాయాపు
staatistics,స్టాటిస్టిక్స్,స్టాటిస్టిక్స్,స్టాటిసిసిక్స్
mavuthundi,మవుతుంది,మవుతుంది,మావుతుంది
neethi,నీతి,నీతి,నేతి
maroka,మరోక,మరోక,మరొక
bharatadesamuloni,భారతదేశములోని,భారతదేశములోని,భారతేశదులోని
bijeegaa,బిజీగా,బిజీగా,బిజిగా
prathaapa,ప్రతాప,ప్రతాప,ప్రథాప
bhagalatho,భాగాలతో,భాగాలతో,భాగలతో
saavadhaanamgaa,సావధానంగా,సావధానంగా,సవాధననంగా
vaivaswata,వైవస్వత,వైవస్వత,వైవస్వా
baibil,బైబిల్,బైబిల్,బబిిల్
cheeyinchagaa,చేయించగా,చేయించగా,చేయింగా
preeth,ప్రీత్,ప్రీత్,ప్రేత్
noothan,నూతన్,నూతన్,నూటన్
statistics,స్టాటిస్టిక్స్,స్టాటిస్టిక్స్,స్టటిసిసిక్స్
paramaatmuni,పరమాత్ముని,పరమాత్ముని,పరమామతుని
moolaalaku,మూలాలకు,మూలాలకు,మూలలకు
chelleymma,చెల్లెమ్మ,చెల్లెమ్మ,చెల్లీమ్మ
sloveenia,స్లోవేనియా,స్లోవేనియా,స్లోవీయిా
chaduvuthu,చదువుతూ,చదువుతూ,చదువుతు
agni,అగ్ని,అగ్ని,అజ్ని
kuuragaayalu,కూరగాయలు,కూరగాయలు,కూరగాయాలు
aniwaryamaina,అనివార్యమైన,అనివార్యమైన,అనివ్రయమైన
parirakshinchae,పరిరక్షించే,పరిరక్షించే,పరికర్షించే
khaidii,ఖైదీ,ఖైదీ,ఖైడీ
enda,ఎండ,ఎండ,ఎంద
vistharimpa,విస్తరింప,విస్తరింప,విస్తిరంప
shaastravettalu,శాస్త్రవేత్తలు,శాస్త్రవేత్తలు,శాస్త్వేత్తులు
ananthapuramlo,అనంతపురంలో,అనంతపురంలో,అనంతపరరంలో
anveshinche,అన్వేషించే,అన్వేషించే,అన్వేశించే
aantoniyo,ఆంటోనియో,ఆంటోనియో,ఆంటనియో
praathipadhikapai,ప్రాతిపదికపై,ప్రాతిపదికపై,ప్రతిధిపపపిక
dasaluga,దశలుగా,దశలుగా,దశాలుగా
vaddagala,వద్దగల,వద్దగల,వద్దగాల
rayabaram,రాయబారం,రాయబారం,రాయబరం
mahaapandithudu,మహాపండితుడు,మహాపండితుడు,మహాపడింతుడు
aathmalaku,ఆత్మలకు,ఆత్మలకు,ఆత్మాలకు
noothiloo,నూతిలో,నూతిలో,నోటిలో
sira,సిరా,సిరా,శిర
saanthvana,సాంత్వన,సాంత్వన,శాంత్వన
ponde,పొందే,పొందే,పొండే
vinaashanam,వినాశనం,వినాశనం,వినానశం
avathaar,అవతార్,అవతార్,అవాతర్
henrii,హెన్రీ,హెన్రీ,హెం్రీ
pravrttini,ప్రవృత్తిని,ప్రవృత్తిని,ప్రవర్తితిని
aandhra,ఆంధ్ర,ఆంధ్ర,ఆంద్ర
mantrika,మాంత్రిక,మాంత్రిక,మంత్రిక
parirakshinchee,పరిరక్షించే,పరిరక్షించే,పరికర్షించే
chinnathanamlone,చిన్నతనంలోనే,చిన్నతనంలోనే,చిన్తనానంలో
dongalaa,దొంగలా,దొంగలా,దొంగాల
ghoramga,ఘోరంగా,ఘోరంగా,ఘొరంగా
vyatyaasaalu,వ్యత్యాసాలు,వ్యత్యాసాలు,వ్యయ్సాాలు
penampie,పెనంపై,పెనంపై,పెంపైప
gagan,గగన్,గగన్,గగాన్
agniloo,అగ్నిలో,అగ్నిలో,అగ్నీలో
puvvulalo,పువ్వులలో,పువ్వులలో,పువువలలో
vrutthaakaara,వృత్తాకార,వృత్తాకార,వృత్తకార
aham,అహం,అహం,అహ్మ
kattaru,కట్టారు,కట్టారు,కట్టరు
cheesukommani,చేసుకొమ్మని,చేసుకొమ్మని,చేసుకోకమనని
upakhandam,ఉపఖండం,ఉపఖండం,ఉపకండం
prathiphalaanni,ప్రతిఫలాన్ని,ప్రతిఫలాన్ని,ప్రతిఫాలన్ని
praathipadhikana,ప్రాతిపదికన,ప్రాతిపదికన,ప్రతిపాధికన
emanagaa,ఏమనగా,ఏమనగా,ఎమనగా
diipaala,దీపాల,దీపాల,డిపాల
nadiloki,నదిలోకి,నదిలోకి,నడిలోకి
viswasaniiyamgaa,విశ్వసనీయంగా,విశ్వసనీయంగా,విశ్వాసియేంగా
meeku,మీకు,మీకు,మేకు
bheri,భేరి,భేరి,భీరి
annimtinee,అన్నింటినీ,అన్నింటినీ,అన్నింటినే
vishvasaniiya,విశ్వసనీయ,విశ్వసనీయ,విశ్వసాయియ
cheppagala,చెప్పగల,చెప్పగల,చెప్పగాల
godhumalu,గోధుమలు,గోధుమలు,గొడుమలు
jaanapadula,జానపదుల,జానపదుల,జనపాడుల
jarugakundaa,జరుగకుండా,జరుగకుండా,జరుగుకండా
meyilimg,మెయిలింగ్,మెయిలింగ్,మెయిింగ్్
cheeyinchatam,చేయించటం,చేయించటం,చేయింటంట
vayasu,వయసు,వయసు,వయాసు
sultaanulu,సుల్తానులు,సుల్తానులు,సుల్తాలుు
ardhamtoe,అర్థంతో,అర్థంతో,అర్ధంతో
rangamma,రంగమ్మ,రంగమ్మ,రంగ్మమ
saekhara,శేఖర,శేఖర,సేఖర
dallaas,డల్లాస్,డల్లాస్,దళ్లాస్
samrakshinche,సంరక్షించే,సంరక్షించే,సంర్క్షించే
dhaanya,ధాన్య,ధాన్య,దాన్య
jaavaed,జావేద్,జావేద్,జావేడ్
kalakramena,కాలక్రమేణ,కాలక్రమేణ,కలక్్రమమన
dhittangaa,దిట్టంగా,దిట్టంగా,దిత్టంగా
vishapooritha,విషపూరిత,విషపూరిత,విశపరూతి
shaastraveettha,శాస్త్రవేత్త,శాస్త్రవేత్త,శాస్త్రేత్తత
vinikidi,వినికిడి,వినికిడి,వినికిది
egaradaaniki,ఎగరడానికి,ఎగరడానికి,ఎగరాడానికి
americanla,అమెరికన్ల,అమెరికన్ల,అమెరిక్లా
dongani,దొంగని,దొంగని,దొంగాని
nachee,నచ్చే,నచ్చే,నచే
namuunaaloo,నమూనాలో,నమూనాలో,నమునాలో
ardhamlo,అర్థంలో,అర్థంలో,అర్ధంలో
stanlee,స్టాన్లీ,స్టాన్లీ,స్థాన్లే
paramapadinchaaru,పరమపదించారు,పరమపదించారు,పరమపడించారు
yemante,ఏమంటే,ఏమంటే,ఏమెంటే
svasthalaalaku,స్వస్థలాలకు,స్వస్థలాలకు,స్వస్థాలలకు
dilli,డిల్లీ,డిల్లీ,డిల్లి
staanlee,స్టాన్లీ,స్టాన్లీ,స్థాన్లే
vaarasuraaligaa,వారసురాలిగా,వారసురాలిగా,వారసులరిగా
pratibimba,ప్రతిబింబ,ప్రతిబింబ,ప్రతిబిబం
junior,జూనియర్,జూనియర్,జనూనిర్
noothilo,నూతిలో,నూతిలో,నోటిలో
sheershikana,శీర్షికన,శీర్షికన,శీర్షికణ
naram,నరం,నరం,నరాం
namoonaalo,నమూనాలో,నమూనాలో,నమోనాలో
rahasyaalanu,రహస్యాలను,రహస్యాలను,రాస్యాలను
nirodhakata,నిరోధకత,నిరోధకత,నిరోధకట
maggam,మగ్గం,మగ్గం,మాగ్గం
vikalaangulu,వికలాంగులు,వికలాంగులు,వికాలంగులు
unnaadani,ఉన్నాడని,ఉన్నాడని,ఉన్నాదని
yuvatulu,యువతులు,యువతులు,యువటులు
dhaanyam,ధాన్యం,ధాన్యం,దాన్యం
pithaamaha,పితామహ,పితామహ,పిఠామహ
cheptoo,చెప్తూ,చెప్తూ,చెప్తో
jaateeyoodyamam,జాతీయోద్యమం,జాతీయోద్యమం,జాతీయోయ్యం
jirafi,జిరాఫీ,జిరాఫీ,జిరఫా
klear,క్లియర్,క్లియర్,క్లేర్
bahubhaashaa,బహుభాషా,బహుభాషా,బుభుహాస
pottapai,పొట్టపై,పొట్టపై,పొత్తపై
southaafricaa,సౌతాఫ్రికా,సౌతాఫ్రికా,సౌతార్ఫికా
kramamugaa,క్రమముగా,క్రమముగా,క్రమమమగా
thaamaraaku,తామరాకు,తామరాకు,తమారాకు
puraatanamaina,పురాతనమైన,పురాతనమైన,పురాతమైనన
heatar,హీటర్,హీటర్,హేటర్
alavatayyindi,అలవాటయ్యింది,అలవాటయ్యింది,అలవాయట్యింది
vetanam,వేతనం,వేతనం,వేటనం
dhaasooham,దాసోహం,దాసోహం,దాశోం
abaddhaala,అబద్ధాల,అబద్ధాల,అబ్దాల
yudhalu,యుద్ధాలు,యుద్ధాలు,యుద్లు
gajaraaju,గజరాజు,గజరాజు,జజరాజు
ghosh,ఘోష్,ఘోష్,గోష్
perugudhalanu,పెరుగుదలను,పెరుగుదలను,పెరుగులనను
bamdiilugaa,బందీలుగా,బందీలుగా,బండిలుగా
sop,సోప్,సోప్,సాప్
silaayugam,శిలాయుగం,శిలాయుగం,సిలాయుగం
heater,హీటర్,హీటర్,హేయరర్
nowkaayaana,నౌకాయాన,నౌకాయాన,నౌకాయన
prathaaparudhruni,ప్రతాపరుద్రుని,ప్రతాపరుద్రుని,ప్రతాపుద్రుని
pratiphalamgaa,ప్రతిఫలంగా,ప్రతిఫలంగా,ప్రతిలలంగా
aavagimjamta,ఆవగింజంత,ఆవగింజంత,ఆవగింంంత
ardhamto,అర్థంతో,అర్థంతో,అర్ధంతో
bock,బాక్,బాక్,బాక్్
anivaaryamyna,అనివార్యమైన,అనివార్యమైన,అనివార్యమై
staanlii,స్టాన్లీ,స్టాన్లీ,స్థాన్లీ
pravesinchakunda,ప్రవేశించకుండా,ప్రవేశించకుండా,ప్రవేశించుకండా
rakshanhagaa,రక్షణగా,రక్షణగా,రక్షణాగా
thooluku,తోలుకు,తోలుకు,తూలకు
aadharamtoe,ఆధారంతో,ఆధారంతో,ఆధరంతో
kani,కని,కని,కాని
ajeez,అజీజ్,అజీజ్,జజీజ్
kalugadhu,కలుగదు,కలుగదు,కలుగుదు
vyatyaasam,వ్యత్యాసం,వ్యత్యాసం,వ్యయాస్థం
verlanu,వేర్లను,వేర్లను,వెర్లను
atlanti,అట్లాంటి,అట్లాంటి,అట్లంటి
fud,ఫుడ్,ఫుడ్,ఫ్డ్
hastal,హాస్టల్,హాస్టల్,హస్ట్ల్
vaddhe,వద్దే,వద్దే,వడ్దే
chendhadamthoo,చెందడంతో,చెందడంతో,చెందండతో
rajayyadu,రాజయ్యాడు,రాజయ్యాడు,రాజయయయాడు
ajnanamu,అజ్ఞానము,అజ్ఞానము,అజ్ఞనము
rakshanagaa,రక్షణగా,రక్షణగా,రక్షణాగా
metha,మేత,మేత,మెత
seejanlo,సీజన్లో,సీజన్లో,సీజనలో
bharateeyulapai,భారతీయులపై,భారతీయులపై,భారతీయులై
kandaraala,కండరాల,కండరాల,కందరాల
parinhaamaalu,పరిణామాలు,పరిణామాలు,పరిణామలు
telamgaanhanu,తెలంగాణను,తెలంగాణను,తెలంగానను
suuryanaaraayanha,సూర్యనారాయణ,సూర్యనారాయణ,సూర్యాయరణాయ
rahasya,రహస్య,రహస్య,రాహస్య
tisukogaane,తీసుకోగానే,తీసుకోగానే,తీసుకొగానే
dattaatraeyudu,దత్తాత్రేయుడు,దత్తాత్రేయుడు,దట్ట్రాయయుడు
bodhinchenu,బోధించెను,బోధించెను,బోధించేను
mahaavishnuvu,మహావిష్ణువు,మహావిష్ణువు,మహావిన్సుు
vraasaaru,వ్రాసారు,వ్రాసారు,వ్రాశారు
qay,కే,కే,కే్
pallakiloo,పల్లకిలో,పల్లకిలో,పల్కలిలో
paaraayanha,పారాయణ,పారాయణ,పారాణయ
meeghamaa,మేఘమా,మేఘమా,మీఘాా
siraa,సిరా,సిరా,శిరా
lakshaku,లక్షకు,లక్షకు,లక్షకకు
nimishaniki,నిమిషానికి,నిమిషానికి,నిమిశానికి
vaantulanu,వాంతులను,వాంతులను,వాంటులను
svargamlaa,స్వర్గంలా,స్వర్గంలా,స్వర్గమలా
usirikaaya,ఉసిరికాయ,ఉసిరికాయ,ఊసికరియా
nicchena,నిచ్చెన,నిచ్చెన,నిచ్చే
chathurdha,చతుర్ధ,చతుర్ధ,చతుర్థ
unnaarantae,ఉన్నారంటే,ఉన్నారంటే,ఉన్నారంతే
nerasthulanu,నేరస్థులను,నేరస్థులను,నేరస్సులను
marakalu,మరకలు,మరకలు,మరకాలు
sakramamaina,సక్రమమైన,సక్రమమైన,శక్రమమమైన
helicopter,హెలికాప్టర్,హెలికాప్టర్,హెలికప్టర్్
komik,కామిక్,కామిక్,కోమిక్
vaartaapathrikaku,వార్తాపత్రికకు,వార్తాపత్రికకు,వార్తప్రతికకు
panchathanthra,పంచతంత్ర,పంచతంత్ర,పంచంతత్ర
bharatiyulato,భారతీయులతో,భారతీయులతో,భారతీయుతో
ahalyaa,అహల్యా,అహల్యా,అహ్లయయ
chaduvuthoo,చదువుతూ,చదువుతూ,చదువుతో
halwaa,హల్వా,హల్వా,హాల్వా
bayatapadataaniki,బయటపడటానికి,బయటపడటానికి,బయటపటటానికి
rashtramloni,రాష్ట్రంలోని,రాష్ట్రంలోని,రాష్ట్రాలోని
sankshobhaaniki,సంక్షోభానికి,సంక్షోభానికి,సంక్భభాానికి
kadupuna,కడుపున,కడుపున,కాుపున
kechap,కెచప్,కెచప్,కేచ్ప్
boodhinchenu,బోధించెను,బోధించెను,బూధించెను
venkatashastri,వేంకటశాస్త్రి,వేంకటశాస్త్రి,వెంకటాశ్స్్రి
balahiinatalu,బలహీనతలు,బలహీనతలు,బలహీనటలు
ksheenathanu,క్షీణతను,క్షీణతను,క్షేణతను
haidarabadi,హైదరాబాదీ,హైదరాబాదీ,హైదరాబది
vaartaapathrikalu,వార్తాపత్రికలు,వార్తాపత్రికలు,వార్తప్రత్కలు
mavutundi,మవుతుంది,మవుతుంది,మావుతుంది
ahoobilam,అహోబిలం,అహోబిలం,అహోబలిం
viktoriya,విక్టోరియా,విక్టోరియా,విక్టోరియ
itthadi,ఇత్తడి,ఇత్తడి,ఇత్తది
praaanaanni,ప్రాణాన్ని,ప్రాణాన్ని,ప్రాానాన్ని
iddariloonoo,ఇద్దరిలోనూ,ఇద్దరిలోనూ,ఇద్దరిలోన
krushnaarjunulu,కృష్ణార్జునులు,కృష్ణార్జునులు,కృష్ణరజ్ఞులు
prathifalaanni,ప్రతిఫలాన్ని,ప్రతిఫలాన్ని,ప్రతిఫాలన్ని
veeriddarinee,వీరిద్దరినీ,వీరిద్దరినీ,వీరిద్దిరనీ
madraasuloo,మద్రాసులో,మద్రాసులో,మద్రసులో
funk,ఫంక్,ఫంక్,ఫ్యక్్
yaantrikamaina,యాంత్రికమైన,యాంత్రికమైన,యాత్రంకమైన
bharateeyulatoo,భారతీయులతో,భారతీయులతో,భారతీయుతో
cheppalaykapooyaaru,చెప్పలేకపోయారు,చెప్పలేకపోయారు,చెప్పలకపేయారు
panchaaraama,పంచారామ,పంచారామ,పంచారమ
dhanikudu,ధనికుడు,ధనికుడు,దనికుడు
ajeernhamu,అజీర్ణము,అజీర్ణము,అజీర్ము
dhikkarinchi,ధిక్కరించి,ధిక్కరించి,దిక్రించి
rajayyaadu,రాజయ్యాడు,రాజయ్యాడు,రాజయయాడు
pratiphalaanni,ప్రతిఫలాన్ని,ప్రతిఫలాన్ని,ప్రతిపాలన్ని
nadavadaaniki,నడవడానికి,నడవడానికి,నడడవానికి
ghoramgaa,ఘోరంగా,ఘోరంగా,ఘొరంగా
sankshoebhaanni,సంక్షోభాన్ని,సంక్షోభాన్ని,సంంభక్షాన్ని
puvvulato,పువ్వులతో,పువ్వులతో,పువువలతో
kadupuni,కడుపుని,కడుపుని,కాుపుని
vargiikaranhalo,వర్గీకరణలో,వర్గీకరణలో,వర్గీకరణంలో
kotipalli,కోటిపల్లి,కోటిపల్లి,కోటపీల్లి
vidhyaardhinii,విద్యార్థినీ,విద్యార్థినీ,విద్యార్థిని
neraaroopanalu,నేరారోపణలు,నేరారోపణలు,నిరరారణలలు
aajnaapinchina,ఆజ్ఞాపించిన,ఆజ్ఞాపించిన,ఆజ్నపించిన
teesiveyadaaniki,తీసివేయడానికి,తీసివేయడానికి,తీసేవేయయానికి
satyagraham,సత్యాగ్రహం,సత్యాగ్రహం,సత్యగ్రహం
goutamudu,గౌతముడు,గౌతముడు,గౌతుము
bhayamuu,భయమూ,భయమూ,భయము
au,ఔ,ఔ,అయూ
rattayya,రత్తయ్య,రత్తయ్య,రత్త్యయ
itivruttaalu,ఇతివృత్తాలు,ఇతివృత్తాలు,ఇతివృత్తలు
siddhaamtamunu,సిద్ధాంతమును,సిద్ధాంతమును,సిద్ధామతమును
amaayakudaina,అమాయకుడైన,అమాయకుడైన,అమయుకడైన
surjery,సర్జరీ,సర్జరీ,సురజరీ
navaneeth,నవనీత్,నవనీత్,నవనేష్
lakshanamulanu,లక్షణములను,లక్షణములను,లక్షణమణులు
bodhinchadaaniki,బోధించడానికి,బోధించడానికి,బొధించడానికి
ravutho,రావుతో,రావుతో,రవుతో
samudaayaalaku,సముదాయాలకు,సముదాయాలకు,సముదయాలకు
tiisukoekumdaa,తీసుకోకుండా,తీసుకోకుండా,తీసుకొకుండా
paramaatmanae,పరమాత్మనే,పరమాత్మనే,పరమామ్్నే
aranhyaalathoo,అరణ్యాలతో,అరణ్యాలతో,అర్ణాయలతో
bijiigaa,బిజీగా,బిజీగా,బీజిగా
maggalu,మగ్గాలు,మగ్గాలు,మగ్గలు
vyatyaasaalanu,వ్యత్యాసాలను,వ్యత్యాసాలను,వ్యయ్సాాలను
keeboordu,కీబోర్డు,కీబోర్డు,కీర్బడ్డు
paerennika,పేరెన్నిక,పేరెన్నిక,పేరేన్నిక
samitini,సమితిని,సమితిని,సమీతిని
subbanna,సుబ్బన్న,సుబ్బన్న,సుబ్బ్న్
tegi,తెగి,తెగి,టేగి
kuuragayalu,కూరగాయలు,కూరగాయలు,కూరగయాలు
sankshobhanni,సంక్షోభాన్ని,సంక్షోభాన్ని,సంక్షభోన్ని
grandhaalayaalanu,గ్రంథాలయాలను,గ్రంథాలయాలను,గ్రంథాయలలను
flait,ఫ్లైట్,ఫ్లైట్,ఫ్లాటట్
choolha,చోళ,చోళ,చూల
aranyaalatho,అరణ్యాలతో,అరణ్యాలతో,అర్ణాయలతో
santhushtudai,సంతుష్టుడై,సంతుష్టుడై,సంతృషుత్డి
samithini,సమితిని,సమితిని,సమీతిని
bachchan,బచ్చన్,బచ్చన్,బ్చచ్
lukky,లక్కీ,లక్కీ,లుక్కీ
parabhasha,పరభాష,పరభాష,పరాభష
roogalu,రోగాలు,రోగాలు,రోగలు
vaartaapathrika,వార్తాపత్రిక,వార్తాపత్రిక,వార్తపర్తిక
helikaaptar,హెలికాప్టర్,హెలికాప్టర్,హెలికపాట్ర్
mataachaaraalanu,మతాచారాలను,మతాచారాలను,మతాచారలను
vartamanam,వర్తమానం,వర్తమానం,వర్తమనం
mandhaaram,మందారం,మందారం,మందరం
viiriddarinii,వీరిద్దరినీ,వీరిద్దరినీ,వీరిద్దరనిి
ittadi,ఇత్తడి,ఇత్తడి,ఇత్టడి
warior,వారియర్,వారియర్,వరియర్
ksheenatha,క్షీణత,క్షీణత,క్షేణత
komma,కొమ్మ,కొమ్మ,కొమ్
toluku,తోలుకు,తోలుకు,తొలుకు
rahasyamgaa,రహస్యంగా,రహస్యంగా,రాహస్యంగా
chellemma,చెల్లెమ్మ,చెల్లెమ్మ,చెల్లమెమ్
pranamga,ప్రాణంగా,ప్రాణంగా,ప్రణంగా
yaajamaanyaaniki,యాజమాన్యానికి,యాజమాన్యానికి,యాజమన్యానికి
bhuuloekamuloe,భూలోకములో,భూలోకములో,భూలకోములో
vaijayamtii,వైజయంతీ,వైజయంతీ,వైయజంతి
adharmamgaa,అధర్మంగా,అధర్మంగా,అధ్రమంగా
praatipadikana,ప్రాతిపదికన,ప్రాతిపదికన,ప్రతిపాడికన
mooshaaru,మూశారు,మూశారు,మోషారు
granthaalayam,గ్రంథాలయం,గ్రంథాలయం,గ్రంథాయలం
cheppalekapoyaru,చెప్పలేకపోయారు,చెప్పలేకపోయారు,చెప్పలకపేేారు
dhyaanamu,ధ్యానము,ధ్యానము,ధ్యాము
sanniveshamto,సన్నివేశంతో,సన్నివేశంతో,సన్నవిేశంతో
dhanyam,ధాన్యం,ధాన్యం,ధన్యం
sakramamga,సక్రమంగా,సక్రమంగా,శక్రమమంగా
balaheenathalanu,బలహీనతలను,బలహీనతలను,బలహీననాలు
japanu,జపాను,జపాను,జపను
rhodes,రోడ్స్,రోడ్స్,రోడెస్
podhupunu,పొదుపును,పొదుపును,పొదుును
perlalo,పేర్లలో,పేర్లలో,పెర్లలో
charchinchindhi,చర్చించింది,చర్చించింది,చర్చింందింి
aabagaa,ఆబగా,ఆబగా,అబగా
shaasthravetthalu,శాస్త్రవేత్తలు,శాస్త్రవేత్తలు,శాస్త్వర్తెతుల
punaruddharinchaaru,పునరుద్ధరించారు,పునరుద్ధరించారు,పునరుద్ధించరారు
cheinchaalani,చేయించాలని,చేయించాలని,చేయించాలి
baetaalha,బేతాళ,బేతాళ,బేతాల
bodhinchadaniki,బోధించడానికి,బోధించడానికి,బొధించడానికి
sastravettagaa,శాస్త్రవేత్తగా,శాస్త్రవేత్తగా,శాస్త్వేత్తగా
kayadam,కాయడం,కాయడం,కయడం
baaksaapheesu,బాక్సాఫీసు,బాక్సాఫీసు,బా్క్సీపు
nalumuulalaa,నలుమూలలా,నలుమూలలా,నలుమూలాల
chootiki,చోటికి,చోటికి,చూటికి
raepati,రేపటి,రేపటి,రేపతి
yantrika,యాంత్రిక,యాంత్రిక,యంత్రిక
yaajamaanyaalu,యాజమాన్యాలు,యాజమాన్యాలు,యాజమన్యాలు
aandhraraashtram,ఆంధ్రరాష్ట్రం,ఆంధ్రరాష్ట్రం,ఆంధర్రాశ్త్రం
helicoptar,హెలికాప్టర్,హెలికాప్టర్,హెలికప్టర్్
agnini,అగ్నిని,అగ్నిని,అజ్నిిి
theesukookundaa,తీసుకోకుండా,తీసుకోకుండా,తీసుకొకుండా
inq,ఇంక్,ఇంక్,ఇన్క్
thurumu,తురుము,తురుము,తూరుము
phraiday,ఫ్రైడే,ఫ్రైడే,ఫ్రైడి
raashtramloni,రాష్ట్రంలోని,రాష్ట్రంలోని,రాష్ట్రాంలోని
parabhaasha,పరభాష,పరభాష,పరాభా
anubhuutigaa,అనుభూతిగా,అనుభూతిగా,అనుభూసిగా
chepthu,చెప్తూ,చెప్తూ,చెప్తు
kabool,కాబూల్,కాబూల్,కబోల్
subbaaraavugaaru,సుబ్బారావుగారు,సుబ్బారావుగారు,సుబ్బారావారు
vijayala,విజయాల,విజయాల,విజయల
gaja,గజ,గజ,గజా
chendhinadhe,చెందినదే,చెందినదే,చెందినేద
valachi,వలచి,వలచి,వలలి
vennumuka,వెన్నుముక,వెన్నుముక,వెన్నుమెక
vasudeva,వసుదేవ,వసుదేవ,వాసువేవ
puvvulatho,పువ్వులతో,పువ్వులతో,పువువలతో
phud,ఫుడ్,ఫుడ్,ఫ్డ్
alaantidhe,అలాంటిదే,అలాంటిదే,అలాంటిడే
chestam,చేస్తాం,చేస్తాం,చేస్తం
cyqil,సైకిల్,సైకిల్,క్యిక్
kachchaerii,కచ్చేరీ,కచ్చేరీ,కచ్చేరి
aarka,ఆర్కా,ఆర్కా,ఆర్క
ahobilam,అహోబిలం,అహోబిలం,అహోబలిం
maathyoos,మాథ్యూస్,మాథ్యూస్,మాట్యూస్
sikshnhaa,శిక్షణా,శిక్షణా,శిక్ష్ణా
bahishkaristhu,బహిష్కరిస్తూ,బహిష్కరిస్తూ,బహిక్షిస్తూ
amme,అమ్మే,అమ్మే,అమ్మె
telamgaanhaku,తెలంగాణకు,తెలంగాణకు,తెలగంానకు
noota,నోట,నోట,నూట
varasaku,వరసకు,వరసకు,వరససకు
krishnaarjunulu,కృష్ణార్జునులు,కృష్ణార్జునులు,కృష్ణర్జుులు
shivunipai,శివునిపై,శివునిపై,శివునపైప
kuuragaayalatho,కూరగాయలతో,కూరగాయలతో,కురయగాలతో
prathaapam,ప్రతాపం,ప్రతాపం,ప్రథాపం
ksheenatanu,క్షీణతను,క్షీణతను,క్షేణతను
vishwaasaalanu,విశ్వాసాలను,విశ్వాసాలను,విశ్వాశలను
raasaaru,రాసారు,రాసారు,రాశారు
mummy,మమ్మీ,మమ్మీ,ముమ్ీ
pathakaalanu,పతకాలను,పతకాలను,పథకాలను
magavaalhlhu,మగవాళ్ళు,మగవాళ్ళు,మాగళవ్ళు
gandhi,గాంధి,గాంధి,గంధి
namuunaalanu,నమూనాలను,నమూనాలను,నముయాలను
mahotsavaalu,మహోత్సవాలు,మహోత్సవాలు,మోహ్సత్వాలు
pravrtti,ప్రవృత్తి,ప్రవృత్తి,ప్రవర్తితి
punaruddharinchadam,పునరుద్ధరించడం,పునరుద్ధరించడం,పునరుద్రించడంం
punaruddharinche,పునరుద్ధరించే,పునరుద్ధరించే,పునరుద్రించేర
bullodu,బుల్లోడు,బుల్లోడు,బుల్లడు
rudrulaku,రుద్రులకు,రుద్రులకు,రుద్రలకు
muushaaru,మూశారు,మూశారు,ముషారు
prasaadaraavu,ప్రసాదరావు,ప్రసాదరావు,ప్రసాదారవు
mashoochi,మశూచి,మశూచి,మహోచి
nikshiptham,నిక్షిప్తం,నిక్షిప్తం,నిక్షప్తిం
sanniveeshamthoo,సన్నివేశంతో,సన్నివేశంతో,సన్నవిశేంతో
sooryanaaraayana,సూర్యనారాయణ,సూర్యనారాయణ,సూర్యారాయాణ
aavaginjantha,ఆవగింజంత,ఆవగింజంత,ఆవజగింంత
phunk,ఫంక్,ఫంక్,ఫ్యంక్్
goodala,గోడల,గోడల,గూడల
phalitam,ఫలితం,ఫలితం,ఫలిటం
saraasari,సరాసరి,సరాసరి,సరసారి
eerparichaaru,ఏర్పరిచారు,ఏర్పరిచారు,ఎర్పరిచారు
kshetramunaku,క్షేత్రమునకు,క్షేత్రమునకు,క్షేతరమునకు
varasagaa,వరసగా,వరసగా,వరససగా
call,కాల్,కాల్,క్ల్
rashtramlone,రాష్ట్రంలోనే,రాష్ట్రంలోనే,రాష్ట్రాంలోనే
yuvata,యువత,యువత,యువట
nalgonda,నల్గొండ,నల్గొండ,నాలొంగడ
oraakil,ఒరాకిల్,ఒరాకిల్,ఆరాకిల్
shaasthravetthagaa,శాస్త్రవేత్తగా,శాస్త్రవేత్తగా,శాశ్త్రేవత్తగా
purapaalaka,పురపాలక,పురపాలక,పురాలాక
ada,అడ,అడ,అద
paalapuntha,పాలపుంత,పాలపుంత,పాలపుంట
nirdhaarinchaadu,నిర్ధారించాడు,నిర్ధారించాడు,నిర్రాించాడు
uparitalaaniki,ఉపరితలానికి,ఉపరితలానికి,పూరితాలనికి
kendra,కేంద్ర,కేంద్ర,కెంద్ర
perlanu,పేర్లను,పేర్లను,పెర్లను
staitistics,స్టాటిస్టిక్స్,స్టాటిస్టిక్స్,స్టటిటిసిస్ట్స్
sareeramloni,శరీరంలోని,శరీరంలోని,శరీరాలోని
thaedaagaa,తేడాగా,తేడాగా,తేదగా
prasadarao,ప్రసాదరావు,ప్రసాదరావు,ప్రసదరరవవు
bahishkarinchaalani,బహిష్కరించాలని,బహిష్కరించాలని,భహిక్రించాలని
bahishkarinchadam,బహిష్కరించడం,బహిష్కరించడం,భహిస్కరించడం
saavadhaanangaa,సావధానంగా,సావధానంగా,సవాధననంగా
balahiinatalanu,బలహీనతలను,బలహీనతలను,బలహీనటనలు
ratthayya,రత్తయ్య,రత్తయ్య,రత్త్యయ
vartamaanaalu,వర్తమానాలు,వర్తమానాలు,వర్తమమాలు
gollapalli,గొల్లపల్లి,గొల్లపల్లి,గొల్లల్లి
pottalo,పొట్టలో,పొట్టలో,పోట్టలో
neerasthulaku,నేరస్థులకు,నేరస్థులకు,నేరస్తులకు
vaartaapathrikala,వార్తాపత్రికల,వార్తాపత్రికల,వార్తపర్త్రిక
charithrakaarulaku,చరిత్రకారులకు,చరిత్రకారులకు,చరిత్రాకరులకు
ghorangaa,ఘోరంగా,ఘోరంగా,ఘొరంగా
vek,వేక్,వేక్,వెక్
sastravettalu,శాస్త్రవేత్తలు,శాస్త్రవేత్తలు,శాస్తవర్తెతులు
sankshobha,సంక్షోభ,సంక్షోభ,సంక్షబో
bharathadesamulooni,భారతదేశములోని,భారతదేశములోని,భారతేశదులోని
thelusukoovatam,తెలుసుకోవటం,తెలుసుకోవటం,తెలుసుకోవాం
jaazz,జాజ్,జాజ్,జాజ్జ్
sastravetta,శాస్త్రవేత్త,శాస్త్రవేత్త,శాస్తవేవెత్త
subbaaraavuni,సుబ్బారావుని,సుబ్బారావుని,సుబ్బరావుని
praathipadhikagaa,ప్రాతిపదికగా,ప్రాతిపదికగా,ప్రతిధాికగా
chootuloo,చోటులో,చోటులో,చూటులో
jatiyodyamaniki,జాతీయోద్యమానికి,జాతీయోద్యమానికి,జాతియోద్యానికి
samithiloo,సమితిలో,సమితిలో,సమీతిలో
korikanu,కోరికను,కోరికను,కొరికను
pratibimbimchae,ప్రతిబింబించే,ప్రతిబింబించే,ప్రతిబించించే
taaralugaa,తారలుగా,తారలుగా,తారులాగా
marchadu,మార్చాడు,మార్చాడు,మార్చడు
prathibimbam,ప్రతిబింబం,ప్రతిబింబం,ప్రతిబిబంం
sarpanchigaa,సర్పంచిగా,సర్పంచిగా,సర్పరింగా
sannivesamto,సన్నివేశంతో,సన్నివేశంతో,సన్నవిసేంతో
shaasthravetthalatho,శాస్త్రవేత్తలతో,శాస్త్రవేత్తలతో,శాస్త్వేత్తతతో
keerti,కీర్తి,కీర్తి,కీర్టి
raajayyaadu,రాజయ్యాడు,రాజయ్యాడు,రాజయయయాడు
sankshobhaniki,సంక్షోభానికి,సంక్షోభానికి,సంక్షభాానికి
sloveniyaa,స్లోవేనియా,స్లోవేనియా,స్లోవేినాయ
vrelaade,వ్రేలాడే,వ్రేలాడే,వ్రెలాడే
dheshi,దేశి,దేశి,దేషి
ooregi,ఊరేగి,ఊరేగి,ఊరగి
neerasthulanu,నేరస్థులను,నేరస్థులను,నేరస్తులను
satyamoorti,సత్యమూర్తి,సత్యమూర్తి,సాత్యమూర్తి
samitiki,సమితికి,సమితికి,సమీతికి
mahotsavalu,మహోత్సవాలు,మహోత్సవాలు,మహోస్తోవాలు
penampai,పెనంపై,పెనంపై,పెంపైై
mundhumaatalo,ముందుమాటలో,ముందుమాటలో,ముందుతాలో
sandhaana,సంధాన,సంధాన,సందాన
september,సెప్టెంబర్,సెప్టెంబర్,సెప్టింబర్
aandhramu,ఆంధ్రము,ఆంధ్రము,ఆంద్రము
mavuthundhi,మవుతుంది,మవుతుంది,మావుతుంది
avatharana,అవతరణ,అవతరణ,అవతరరణ
pramanamulu,ప్రమాణములు,ప్రమాణములు,ప్రామణములు
kamaneeyangaa,కమనీయంగా,కమనీయంగా,కమనేయంగా
kuuragaayalanu,కూరగాయలను,కూరగాయలను,కూరగాయాలను
daenigurimchainaa,దేనిగురించైనా,దేనిగురించైనా,దేనిగురించినా
prathaaparudhra,ప్రతాపరుద్ర,ప్రతాపరుద్ర,ప్రతాపార్రర
daennii,దేన్నీ,దేన్నీ,దెన్నీ
paramaatmanu,పరమాత్మను,పరమాత్మను,పరమామ్తను
ksheenata,క్షీణత,క్షీణత,క్షేణత
koodaligaa,కోడలిగా,కోడలిగా,కూడలిగా
antaarani,అంటారని,అంటారని,అంతారని
jarmanlu,జర్మన్లు,జర్మన్లు,జర్మానులు
nimushaalaku,నిముషాలకు,నిముషాలకు,నిముశాలకు
subbaraju,సుబ్బరాజు,సుబ్బరాజు,సుబ్బాజు
kramamuga,క్రమముగా,క్రమముగా,క్రమమమగా
sathyaagraha,సత్యాగ్రహ,సత్యాగ్రహ,సత్యాగ్ర
shilaayugam,శిలాయుగం,శిలాయుగం,శిలాయగం
nimishaaniki,నిమిషానికి,నిమిషానికి,నిమిశానికి
undandi,ఉండండి,ఉండండి,ఉండంది
bahishkaristoo,బహిష్కరిస్తూ,బహిష్కరిస్తూ,బహిక్షిస్తూ
bayatapadataniki,బయటపడటానికి,బయటపడటానికి,బయటపటటానికి
ballapai,బల్లపై,బల్లపై,బళ్లపై
jaanapadha,జానపద,జానపద,జనపాద
cykil,సైకిల్,సైకిల్,క్యిక్
mundhumaataloo,ముందుమాటలో,ముందుమాటలో,ముందుతాలో
yemathram,ఏమాత్రం,ఏమాత్రం,ఏమత్రం
bhaaratheeyulatho,భారతీయులతో,భారతీయులతో,భారతీయలతో
vaasudhevaraavu,వాసుదేవరావు,వాసుదేవరావు,వాశుదేవరావు
vannee,వన్నీ,వన్నీ,వన్నే
victoria,విక్టోరియా,విక్టోరియా,విక్టిరియా
bahishkaristu,బహిష్కరిస్తూ,బహిష్కరిస్తూ,బహిక్షిస్తూ
taimar,టైమర్,టైమర్,తైమర్
shobhan,శోభన్,శోభన్,శోభాన్
theesiveyadaaniki,తీసివేయడానికి,తీసివేయడానికి,తీీస్వేయాానికి
avataralu,అవతారాలు,అవతారాలు,అవతరాలు
tanikhiilu,తనిఖీలు,తనిఖీలు,తనికీలు
bhaashallo,భాషల్లో,భాషల్లో,భాషాల్లో
saahasi,సాహసి,సాహసి,సాసి
samakurchadu,సమకూర్చాడు,సమకూర్చాడు,సమకర్చుదు
padmanaabham,పద్మనాభం,పద్మనాభం,పద్మానాభం
toelubommalaata,తోలుబొమ్మలాట,తోలుబొమ్మలాట,తొలబొం్మమాలా
sikindar,సికిందర్,సికిందర్,సికిండర్
pattanhaaniki,పట్టణానికి,పట్టణానికి,పట్టనానికి
vijay,విజయ్,విజయ్,విజే
panchaaraamaalu,పంచారామాలు,పంచారామాలు,పంచారమాలు
balaheenathalu,బలహీనతలు,బలహీనతలు,బలహీనాలు
ksheitraanni,క్షేత్రాన్ని,క్షేత్రాన్ని,క్షేష్రాన్ని
punaraavaasam,పునరావాసం,పునరావాసం,పునరావశం
thaittireeya,తైత్తిరీయ,తైత్తిరీయ,తిత్టిరీ
thejasvini,తేజస్విని,తేజస్విని,తెజ్వసిని
sachivaalayam,సచివాలయం,సచివాలయం,సచివచాయం
poeshimchinadi,పోషించినది,పోషించినది,పోషించింది
rajayyanu,రాజయ్యను,రాజయ్యను,రాజయయను
siijanloo,సీజన్లో,సీజన్లో,సీజనలో
sankshobhaanni,సంక్షోభాన్ని,సంక్షోభాన్ని,సంక్భభాన్ని
hyderaabaadee,హైదరాబాదీ,హైదరాబాదీ,హైదరాబాదే
tirindi,తీరింది,తీరింది,తిరింది
aagakumdaa,ఆగకుండా,ఆగకుండా,ఆగుకండా
namoonaala,నమూనాల,నమూనాల,నమోనాల
mathaachaaraalanu,మతాచారాలను,మతాచారాలను,మతాచారలను
vesaru,వేసారు,వేసారు,వేశారు
bahishkarinchalani,బహిష్కరించాలని,బహిష్కరించాలని,భహిక్షరించాలని
aadhmee,ఆద్మీ,ఆద్మీ,ఆధ్మీ
cal,కాల్,కాల్,క్యాల్
sankshoebhaaniki,సంక్షోభానికి,సంక్షోభానికి,సంంకభభానికి
praatipadikapai,ప్రాతిపదికపై,ప్రాతిపదికపై,ప్రతిపాపపికై
paain,పైన్,పైన్,పాయిన్
vaddae,వద్దే,వద్దే,వడ్దే
dhairya,ధైర్య,ధైర్య,దైర్య
samrakshinchabadina,సంరక్షించబడిన,సంరక్షించబడిన,సంర్శకించబినది
poyaaraa,పోయారా,పోయారా,పోయార
mahattara,మహత్తర,మహత్తర,మహాత్ర
kunthii,కుంతీ,కుంతీ,కుంటీ
prabho,ప్రభో,ప్రభో,ప్రభూ
ksheenataku,క్షీణతకు,క్షీణతకు,క్షేణటకు
challagaane,చల్లగానే,చల్లగానే,చల్లాగనే
haarmoonula,హార్మోనుల,హార్మోనుల,హార్ముులల
maadhavaa,మాధవా,మాధవా,మాదవా
vartamananiki,వర్తమానానికి,వర్తమానానికి,వర్తమనానికి
jagityaala,జగిత్యాల,జగిత్యాల,జాగిత్యాల
prananni,ప్రాణాన్ని,ప్రాణాన్ని,ప్రణాన్ని
malachi,మలచి,మలచి,మలచచి
mailurayi,మైలురాయి,మైలురాయి,మైలరాయి
aranyalato,అరణ్యాలతో,అరణ్యాలతో,అర్ణాయలతో
padamuudava,పదమూడవ,పదమూడవ,పదమువవ
paryavasaanaalanu,పర్యవసానాలను,పర్యవసానాలను,పర్యవసాాాలను
niroodhakata,నిరోధకత,నిరోధకత,నిరోధకట
henry,హెన్రీ,హెన్రీ,హెం్రీ
kayadaniki,కాయడానికి,కాయడానికి,కయయడానికి
sultaanula,సుల్తానుల,సుల్తానుల,సుల్తాలు
satyaagraha,సత్యాగ్రహ,సత్యాగ్రహ,సత్యాగ్ర
maedae,మేడే,మేడే,మేదే
bhulokamlo,భూలోకంలో,భూలోకంలో,భూలకోంలో
perugudhala,పెరుగుదల,పెరుగుదల,పెరుగులల
pole,పోల్,పోల్,పోలే
pranamulu,ప్రాణములు,ప్రాణములు,ప్రణములు
calendar,కాలెండర్,కాలెండర్,కెలెండర్
jatiyodyamam,జాతీయోద్యమం,జాతీయోద్యమం,జాతియయ్యాం
roling,రోలింగ్,రోలింగ్,రాలింగ్
dasabdalu,దశాబ్దాలు,దశాబ్దాలు,దశబ్దాలు
sakramamgaa,సక్రమంగా,సక్రమంగా,శక్రమమంగా
seethaaraamayya,సీతారామయ్య,సీతారామయ్య,సీతారమాయ్య
dheevaalayampai,దేవాలయంపై,దేవాలయంపై,దేవలాయంపై
jagityala,జగిత్యాల,జగిత్యాల,జాగిత్యా
ghaniibhavinchi,ఘనీభవించి,ఘనీభవించి,ఘనిభించి
aahaaramlooni,ఆహారంలోని,ఆహారంలోని,ఆహారాలోని
anveshistuu,అన్వేషిస్తూ,అన్వేషిస్తూ,అన్విషిస్తూ
kaalpanika,కాల్పనిక,కాల్పనిక,కాల్పానిక
budha,బుధ,బుధ,బుద
ajeernamu,అజీర్ణము,అజీర్ణము,అజీర్ము
alavaatayyindhi,అలవాటయ్యింది,అలవాటయ్యింది,అలవాయయింది
saaradhyamloo,సారధ్యంలో,సారధ్యంలో,సార్ధయంలో
cheppalekapoyaaru,చెప్పలేకపోయారు,చెప్పలేకపోయారు,చెప్పలకేపాారు
tyagam,త్యాగం,త్యాగం,త్యగగం
muslim,ముస్లిం,ముస్లిం,ము్లిిం
nirasanagaa,నిరసనగా,నిరసనగా,నిరసాణగా
taagubotula,తాగుబోతుల,తాగుబోతుల,తాగుబోటుల
lekkalloo,లెక్కల్లో,లెక్కల్లో,లెక్కాల్లో
teesiveyadaniki,తీసివేయడానికి,తీసివేయడానికి,తీసీవేయాానికి
kamaneeyamga,కమనీయంగా,కమనీయంగా,కానీమీంగా
bhaaratheeyulapai,భారతీయులపై,భారతీయులపై,భారతీయులై
chinnadhigaa,చిన్నదిగా,చిన్నదిగా,చిన్నిగా
simgana,సింగన,సింగన,సింగాన
maadhava,మాధవ,మాధవ,మాదవ
dhyanamu,ధ్యానము,ధ్యానము,ధ్యనము
medisins,మెడిసిన్స్,మెడిసిన్స్,మెడిస్స్
paramaatmane,పరమాత్మనే,పరమాత్మనే,పరామా్్నమే
yaajamaanyaanni,యాజమాన్యాన్ని,యాజమాన్యాన్ని,యాజమానాన్ని
prench,ప్రెంచ్,ప్రెంచ్,ప్రేంచ్
agnilo,అగ్నిలో,అగ్నిలో,అజ్నిలో
paasaina,పాసైన,పాసైన,పాశైన
anyapadesamga,అన్యాపదేశంగా,అన్యాపదేశంగా,అన్యాదేశంగా
deshaabhivrhuddhiki,దేశాభివృద్ధికి,దేశాభివృద్ధికి,దేశభవ్ర్్ధికి
gajaraju,గజరాజు,గజరాజు,జజరాజు
punaruddharinchadaaniki,పునరుద్ధరించడానికి,పునరుద్ధరించడానికి,పునరుద్రించడానికి
aavaginjamta,ఆవగింజంత,ఆవగింజంత,ఆవగిజంంత
natisthoone,నటిస్తూనే,నటిస్తూనే,నటిస్తోనే
yuvataku,యువతకు,యువతకు,యువటకు
parishuddamaina,పరిశుద్ధమైన,పరిశుద్ధమైన,పరిశుధ్ధమైన
shaastravetta,శాస్త్రవేత్త,శాస్త్రవేత్త,శాస్త్రేత్తత
charyalapai,చర్యలపై,చర్యలపై,చర్యలలై
samudaayaalu,సముదాయాలు,సముదాయాలు,సముదయాలు
puvvulathoo,పువ్వులతో,పువ్వులతో,పువువలతో
kamdaktarlu,కండక్టర్లు,కండక్టర్లు,కండక్్రారు
vishvaasaalaku,విశ్వాసాలకు,విశ్వాసాలకు,విశ్వాశాలకు
puvvulaloo,పువ్వులలో,పువ్వులలో,పువువలలో
anveshinchaaru,అన్వేషించారు,అన్వేషించారు,అన్వేశించారు
punaraavaasa,పునరావాస,పునరావాస,పునరాాశ
meekantae,మీకంటే,మీకంటే,మేకంటే
chera,చేరా,చేరా,చేర
byaadmintan,బ్యాడ్మింటన్,బ్యాడ్మింటన్,బ్యాండింటన్
dheevaalayamlooni,దేవాలయంలోని,దేవాలయంలోని,దేవలయలలోని
sabhalanu,సభలను,సభలను,సభలలను
pine,పైన్,పైన్,పిన్
cheeraaru,చేరారు,చేరారు,చీరారు
suprabhatha,సుప్రభాత,సుప్రభాత,సుప్రభభత
peramtaalu,పేరంటాలు,పేరంటాలు,పెరంతాలు
perugudhalathoo,పెరుగుదలతో,పెరుగుదలతో,పెరుగులతతో
gosangi,గోసంగి,గోసంగి,గొంసంగి
usirikaya,ఉసిరికాయ,ఉసిరికాయ,ఊసిరికా
velhtundagaa,వెళ్తుండగా,వెళ్తుండగా,వెళ్తుండాగ
rahasyamu,రహస్యము,రహస్యము,రాస్యమము
mosey,మోసే,మోసే,మోసీ
praajektulu,ప్రాజెక్టులు,ప్రాజెక్టులు,ప్రాజకెట్లు
chaturdha,చతుర్ధ,చతుర్ధ,చతుర్థ
kattalu,కట్టలు,కట్టలు,కట్టాలు
rahasyanga,రహస్యంగా,రహస్యంగా,రాహస్యంగా
taginanta,తగినంత,తగినంత,తగినంట
baedi,బేడి,బేడి,బేది
laahiri,లాహిరి,లాహిరి,లహిరి
punaruddharinchi,పునరుద్ధరించి,పునరుద్ధరించి,పునరుద్రించిి
asthralu,అస్త్రాలు,అస్త్రాలు,అస్త్రలు
dicq,డిక్,డిక్,డిక్్
cheinche,చేయించే,చేయించే,చేించే
naukaayaana,నౌకాయాన,నౌకాయాన,నౌకాయన
bhujangaraavu,భుజంగరావు,భుజంగరావు,భూజంగారావు
taamaraaku,తామరాకు,తామరాకు,తమారాకు
vikalaangulaina,వికలాంగులైన,వికలాంగులైన,వికాలగుంలన
vaasudeeva,వాసుదేవ,వాసుదేవ,వాసువేవ
slovenia,స్లోవేనియా,స్లోవేనియా,స్లోవేయియా
benajir,బెనజీర్,బెనజీర్,బెనేజర్
pottaloo,పొట్టలో,పొట్టలో,పోట్టలో
burrakadha,బుర్రకథ,బుర్రకథ,బర్రకద
dharbaaru,దర్బారు,దర్బారు,దర్రారు
abhimananiki,అభిమానానికి,అభిమానానికి,అభినానానికి
bahishkaristuu,బహిష్కరిస్తూ,బహిష్కరిస్తూ,బహిక్షిస్తూ
vikalaangula,వికలాంగుల,వికలాంగుల,వికాలంగుల
doopidiiki,దోపిడీకి,దోపిడీకి,దోపిడికి
vidvamsudu,విద్వాంసుడు,విద్వాంసుడు,విద్వసంసుడు
jaanapadhula,జానపదుల,జానపదుల,జనపాదుల
chesukommani,చేసుకొమ్మని,చేసుకొమ్మని,చేసుకోకమనని
konnitiki,కొన్నిటికి,కొన్నిటికి,కొన్నటికి
neraaropanalu,నేరారోపణలు,నేరారోపణలు,నిరారరణలలు
pratibimbam,ప్రతిబింబం,ప్రతిబింబం,ప్రతిబిబంం
subbaraaju,సుబ్బరాజు,సుబ్బరాజు,సుబ్రాాబు
